S/N,Project Name,Street Name,Type,Postal District,Market Segment,Tenure,Type of Sale,No. of Units,Price ($),Nett Price ($),Area (Sqft),Type of Area,Floor Level,Unit Price ($psf),Date of Sale
1,CANBERRA RESIDENCES,CANBERRA DRIVE,Condominium,27,OCR,99 yrs lease commencing from 2010,Resale,1,840000,-,904,Strata,01 to 05,929,Dec-21
2,SELETAR SPRINGS CONDOMINIUM,GERALD DRIVE,Condominium,28,OCR,99 yrs lease commencing from 1997,Resale,1,1230000,-,1399,Strata,01 to 05,879,Dec-21
3,CANBERRA RESIDENCES,CANBERRA DRIVE,Condominium,27,OCR,99 yrs lease commencing from 2010,Resale,1,850500,-,904,Strata,01 to 05,941,Dec-21
4,SYMPHONY SUITES,YISHUN CLOSE,Condominium,27,OCR,99 yrs lease commencing from 2014,Resale,1,1180000,-,1023,Strata,01 to 05,1154,Nov-21
5,ORCHID PARK CONDOMINIUM,YISHUN STREET 81,Condominium,27,OCR,99 yrs lease commencing from 1991,Resale,1,1030000,-,1249,Strata,06 to 10,825,Nov-21
6,THE ESTUARY,YISHUN AVENUE 1,Condominium,27,OCR,99 yrs lease commencing from 2008,Resale,1,1020000,-,926,Strata,11 to 15,1102,Nov-21
7,HIGH PARK RESIDENCES,FERNVALE ROAD,Apartment,28,OCR,99 yrs lease commencing from 2014,Resale,1,1195000,-,947,Strata,11 to 15,1262,Nov-21
8,RIVERBANK @ FERNVALE,FERNVALE CLOSE,Condominium,28,OCR,99 yrs lease commencing from 2013,Resale,1,1190000,-,1012,Strata,06 to 10,1176,Nov-21
9,THE NAUTICAL,JALAN SENDUDOK,Condominium,27,OCR,99 yrs lease commencing from 2011,Resale,1,920000,-,829,Strata,01 to 05,1110,Nov-21
10,D'BANYAN,JALAN SENDUDOK,Apartment,27,OCR,999 yrs lease commencing from 1885,Resale,1,640000,-,570,Strata,01 to 05,1122,Nov-21
11,RIVERBANK @ FERNVALE,FERNVALE CLOSE,Condominium,28,OCR,99 yrs lease commencing from 2013,Resale,1,910000,-,743,Strata,01 to 05,1225,Nov-21
12,SKIES MILTONIA,MILTONIA CLOSE,Condominium,27,OCR,99 yrs lease commencing from 2012,Resale,1,1400000,-,1313,Strata,06 to 10,1066,Nov-21
13,RIVERTREES RESIDENCES,FERNVALE CLOSE,Apartment,28,OCR,99 yrs lease commencing from 2013,Resale,1,645000,-,506,Strata,01 to 05,1275,Nov-21
14,SELETAR PARK RESIDENCE,SELETAR ROAD,Condominium,28,OCR,99 yrs lease commencing from 2011,Resale,1,700000,-,581,Strata,01 to 05,1204,Nov-21
15,THE ESTUARY,YISHUN AVENUE 1,Condominium,27,OCR,99 yrs lease commencing from 2008,Resale,1,650000,-,689,Strata,01 to 05,944,Nov-21
16,SUN PLAZA,SEMBAWANG DRIVE,Apartment,27,OCR,99 yrs lease commencing from 1996,Resale,1,976000,-,1313,Strata,06 to 10,743,Nov-21
17,HIGH PARK RESIDENCES,FERNVALE ROAD,Apartment,28,OCR,99 yrs lease commencing from 2014,Resale,1,845000,-,570,Strata,01 to 05,1481,Nov-21
18,THE NAUTICAL,JALAN SENDUDOK,Condominium,27,OCR,99 yrs lease commencing from 2011,Resale,1,795000,-,764,Strata,01 to 05,1040,Nov-21
19,YISHUN SAPPHIRE,CANBERRA DRIVE,Condominium,27,OCR,99 yrs lease commencing from 1998,Resale,1,1200000,-,1378,Strata,06 to 10,871,Nov-21
20,RIVERBANK @ FERNVALE,FERNVALE CLOSE,Condominium,28,OCR,99 yrs lease commencing from 2013,Resale,1,865000,-,689,Strata,16 to 20,1256,Nov-21
21,NORTHWOOD,JALAN MATA AYER,Condominium,27,OCR,Freehold,Resale,1,1496888,-,1335,Strata,01 to 05,1121,Nov-21
22,THE MILTONIA RESIDENCES,MILTONIA CLOSE,Condominium,27,OCR,99 yrs lease commencing from 2010,Resale,1,1350000,-,1507,Strata,01 to 05,896,Nov-21
23,SELETAR SPRINGS CONDOMINIUM,GERALD DRIVE,Condominium,28,OCR,99 yrs lease commencing from 1997,Resale,1,1280000,-,1582,Strata,01 to 05,809,Nov-21
24,SELETAR SPRINGS CONDOMINIUM,GERALD DRIVE,Condominium,28,OCR,99 yrs lease commencing from 1997,Resale,1,1085000,-,1335,Strata,01 to 05,813,Nov-21
25,THE WISTERIA,YISHUN RING ROAD,Apartment,27,OCR,99 yrs lease commencing from 2015,Resale,1,635000,-,441,Strata,11 to 15,1439,Nov-21
26,YISHUN SAPPHIRE,CANBERRA DRIVE,Condominium,27,OCR,99 yrs lease commencing from 1998,Resale,1,990000,-,1206,Strata,06 to 10,821,Nov-21
27,YISHUN SAPPHIRE,CANBERRA DRIVE,Condominium,27,OCR,99 yrs lease commencing from 1998,Resale,1,1128000,-,1335,Strata,11 to 15,845,Nov-21
28,RIVERBANK @ FERNVALE,FERNVALE CLOSE,Condominium,28,OCR,99 yrs lease commencing from 2013,Resale,1,1250000,-,1044,Strata,01 to 05,1197,Nov-21
29,ORCHID PARK CONDOMINIUM,YISHUN STREET 81,Condominium,27,OCR,99 yrs lease commencing from 1991,Resale,1,1375088,-,1668,Strata,11 to 15,824,Nov-21
30,HIGH PARK RESIDENCES,FERNVALE ROAD,Apartment,28,OCR,99 yrs lease commencing from 2014,Resale,1,1068000,-,872,Strata,06 to 10,1225,Nov-21
31,SUNRISE GARDENS,SUNRISE AVENUE,Condominium,28,OCR,99 yrs lease commencing from 1995,Resale,1,1120000,-,1442,Strata,01 to 05,776,Nov-21
32,EIGHT COURTYARDS,CANBERRA DRIVE,Condominium,27,OCR,99 yrs lease commencing from 2010,Resale,1,1650000,-,1572,Strata,01 to 05,1050,Nov-21
33,THE NAUTICAL,JALAN SENDUDOK,Condominium,27,OCR,99 yrs lease commencing from 2011,Resale,1,950000,-,883,Strata,01 to 05,1076,Nov-21
34,EIGHT COURTYARDS,CANBERRA DRIVE,Condominium,27,OCR,99 yrs lease commencing from 2010,Resale,1,585000,-,452,Strata,06 to 10,1294,Nov-21
35,RIVERBANK @ FERNVALE,FERNVALE CLOSE,Condominium,28,OCR,99 yrs lease commencing from 2013,Resale,1,640000,-,495,Strata,11 to 15,1293,Nov-21
36,CANBERRA RESIDENCES,CANBERRA DRIVE,Condominium,27,OCR,99 yrs lease commencing from 2010,Resale,1,860000,-,904,Strata,01 to 05,951,Nov-21
37,EIGHT COURTYARDS,CANBERRA DRIVE,Condominium,27,OCR,99 yrs lease commencing from 2010,Resale,1,910888,-,915,Strata,11 to 15,996,Nov-21
38,THE ESTUARY,YISHUN AVENUE 1,Condominium,27,OCR,99 yrs lease commencing from 2008,Resale,1,1380000,-,1313,Strata,11 to 15,1051,Nov-21
39,CANBERRA RESIDENCES,CANBERRA DRIVE,Condominium,27,OCR,99 yrs lease commencing from 2010,Resale,1,850000,-,883,Strata,01 to 05,963,Nov-21
40,SYMPHONY SUITES,YISHUN CLOSE,Condominium,27,OCR,99 yrs lease commencing from 2014,Resale,1,1080000,-,893,Strata,11 to 15,1209,Nov-21
41,YISHUN EMERALD,CANBERRA DRIVE,Condominium,27,OCR,99 yrs lease commencing from 1998,Resale,1,1200000,-,1399,Strata,06 to 10,858,Nov-21
42,RIVERTREES RESIDENCES,FERNVALE CLOSE,Apartment,28,OCR,99 yrs lease commencing from 2013,Resale,1,758000,-,581,Strata,11 to 15,1304,Nov-21
43,SYMPHONY SUITES,YISHUN CLOSE,Condominium,27,OCR,99 yrs lease commencing from 2014,Resale,1,900000,-,786,Strata,11 to 15,1145,Nov-21
44,THE MILTONIA RESIDENCES,MILTONIA CLOSE,Condominium,27,OCR,99 yrs lease commencing from 2010,Resale,1,1070000,-,1173,Strata,01 to 05,912,Nov-21
45,RIVERBANK @ FERNVALE,FERNVALE CLOSE,Condominium,28,OCR,99 yrs lease commencing from 2013,Resale,1,1230000,-,1216,Strata,01 to 05,1011,Nov-21
46,SKIES MILTONIA,MILTONIA CLOSE,Condominium,27,OCR,99 yrs lease commencing from 2012,Resale,1,1230000,-,1270,Strata,01 to 05,968,Nov-21
47,SYMPHONY SUITES,YISHUN CLOSE,Condominium,27,OCR,99 yrs lease commencing from 2014,Resale,1,800000,-,689,Strata,11 to 15,1161,Nov-21
48,THE NAUTICAL,JALAN SENDUDOK,Condominium,27,OCR,99 yrs lease commencing from 2011,Resale,1,568888,-,441,Strata,01 to 05,1289,Nov-21
49,SYMPHONY SUITES,YISHUN CLOSE,Condominium,27,OCR,99 yrs lease commencing from 2014,Resale,1,795000,-,689,Strata,11 to 15,1154,Nov-21
50,RIVERTREES RESIDENCES,FERNVALE CLOSE,Apartment,28,OCR,99 yrs lease commencing from 2013,Resale,1,1900000,-,1593,Strata,01 to 05,1193,Nov-21
51,RIVERTREES RESIDENCES,FERNVALE CLOSE,Apartment,28,OCR,99 yrs lease commencing from 2013,Resale,1,916000,-,732,Strata,06 to 10,1251,Nov-21
52,HIGH PARK RESIDENCES,FERNVALE ROAD,Apartment,28,OCR,99 yrs lease commencing from 2014,Resale,1,570000,-,388,Strata,21 to 25,1471,Nov-21
53,SELETARIS,SEMBAWANG ROAD,Condominium,27,OCR,Freehold,Resale,1,1550000,-,1615,Strata,01 to 05,960,Nov-21
54,HIGH PARK RESIDENCES,FERNVALE ROAD,Apartment,28,OCR,99 yrs lease commencing from 2014,Resale,1,945000,-,721,Strata,16 to 20,1310,Nov-21
55,SYMPHONY SUITES,YISHUN CLOSE,Condominium,27,OCR,99 yrs lease commencing from 2014,Resale,1,1170000,-,1023,Strata,01 to 05,1144,Nov-21
56,ORCHID PARK CONDOMINIUM,YISHUN STREET 81,Condominium,27,OCR,99 yrs lease commencing from 1991,Resale,1,970000,-,1206,Strata,06 to 10,805,Nov-21
57,H2O RESIDENCES,FERNVALE LINK,Condominium,28,OCR,99 yrs lease commencing from 2010,Resale,1,1365000,-,1130,Strata,21 to 25,1208,Nov-21
58,H2O RESIDENCES,FERNVALE LINK,Condominium,28,OCR,99 yrs lease commencing from 2010,Resale,1,878000,-,743,Strata,16 to 20,1182,Nov-21
59,SELETAR SPRINGS CONDOMINIUM,GERALD DRIVE,Condominium,28,OCR,99 yrs lease commencing from 1997,Resale,1,1080000,-,1302,Strata,01 to 05,829,Nov-21
60,SYMPHONY SUITES,YISHUN CLOSE,Condominium,27,OCR,99 yrs lease commencing from 2014,Resale,1,1051000,-,915,Strata,06 to 10,1149,Nov-21
61,EIGHT COURTYARDS,CANBERRA DRIVE,Condominium,27,OCR,99 yrs lease commencing from 2010,Resale,1,1570000,-,1572,Strata,11 to 15,999,Nov-21
62,EIGHT COURTYARDS,CANBERRA DRIVE,Condominium,27,OCR,99 yrs lease commencing from 2010,Resale,1,950000,-,958,Strata,01 to 05,992,Nov-21
63,SELETAR PARK RESIDENCE,SELETAR ROAD,Condominium,28,OCR,99 yrs lease commencing from 2011,Resale,1,1370000,-,1442,Strata,01 to 05,950,Oct-21
64,SUNRISE GARDENS,SUNRISE AVENUE,Condominium,28,OCR,99 yrs lease commencing from 1995,Resale,1,950000,-,1216,Strata,01 to 05,781,Oct-21
65,THE NAUTICAL,JALAN SENDUDOK,Condominium,27,OCR,99 yrs lease commencing from 2011,Resale,1,780000,-,764,Strata,01 to 05,1021,Oct-21
66,NINE RESIDENCES,YISHUN AVENUE 9,Apartment,27,OCR,99 yrs lease commencing from 2013,Resale,1,810000,-,710,Strata,06 to 10,1140,Oct-21
67,HIGH PARK RESIDENCES,FERNVALE ROAD,Apartment,28,OCR,99 yrs lease commencing from 2014,Resale,1,777000,-,592,Strata,11 to 15,1312,Oct-21
68,H2O RESIDENCES,FERNVALE LINK,Condominium,28,OCR,99 yrs lease commencing from 2010,Resale,1,1440000,-,1195,Strata,16 to 20,1205,Oct-21
69,EIGHT COURTYARDS,CANBERRA DRIVE,Condominium,27,OCR,99 yrs lease commencing from 2010,Resale,1,1108000,-,990,Strata,01 to 05,1119,Oct-21
70,SYMPHONY SUITES,YISHUN CLOSE,Condominium,27,OCR,99 yrs lease commencing from 2014,Resale,1,892000,-,797,Strata,11 to 15,1120,Oct-21
71,SYMPHONY SUITES,YISHUN CLOSE,Condominium,27,OCR,99 yrs lease commencing from 2014,Resale,1,908000,-,786,Strata,11 to 15,1156,Oct-21
72,YISHUN EMERALD,CANBERRA DRIVE,Condominium,27,OCR,99 yrs lease commencing from 1998,Resale,1,838000,-,1033,Strata,01 to 05,811,Oct-21
73,THE MILTONIA RESIDENCES,MILTONIA CLOSE,Condominium,27,OCR,99 yrs lease commencing from 2010,Resale,1,816888,-,840,Strata,01 to 05,973,Oct-21
74,SELETAR PARK RESIDENCE,SELETAR ROAD,Condominium,28,OCR,99 yrs lease commencing from 2011,Resale,1,1450000,-,1991,Strata,01 to 05,728,Oct-21
75,SELETAR SPRINGS CONDOMINIUM,GERALD DRIVE,Condominium,28,OCR,99 yrs lease commencing from 1997,Resale,1,1005000,-,1302,Strata,01 to 05,772,Oct-21
76,RIVERBANK @ FERNVALE,FERNVALE CLOSE,Condominium,28,OCR,99 yrs lease commencing from 2013,Resale,1,1200000,-,1044,Strata,11 to 15,1149,Oct-21
77,SUNRISE GARDENS,SUNRISE AVENUE,Condominium,28,OCR,99 yrs lease commencing from 1995,Resale,1,1510000,-,2024,Strata,01 to 05,746,Oct-21
78,THE MILTONIA RESIDENCES,MILTONIA CLOSE,Condominium,27,OCR,99 yrs lease commencing from 2010,Resale,1,1380000,-,1528,Strata,01 to 05,903,Oct-21
79,SELETAR PARK RESIDENCE,SELETAR ROAD,Condominium,28,OCR,99 yrs lease commencing from 2011,Resale,1,650000,-,592,Strata,01 to 05,1098,Oct-21
80,SKIES MILTONIA,MILTONIA CLOSE,Condominium,27,OCR,99 yrs lease commencing from 2012,Resale,1,780000,-,721,Strata,01 to 05,1082,Oct-21
81,RIVERTREES RESIDENCES,FERNVALE CLOSE,Apartment,28,OCR,99 yrs lease commencing from 2013,Resale,1,1520000,-,1206,Strata,01 to 05,1261,Oct-21
82,SKIES MILTONIA,MILTONIA CLOSE,Condominium,27,OCR,99 yrs lease commencing from 2012,Resale,1,2200000,-,2842,Strata,11 to 15,774,Oct-21
83,THE SENSORIA,JALAN ULU SEMBAWANG,Condominium,27,OCR,Freehold,Resale,1,1085000,-,1076,Strata,01 to 05,1008,Oct-21
84,SELETAR PARK RESIDENCE,SELETAR ROAD,Condominium,28,OCR,99 yrs lease commencing from 2011,Resale,1,2040000,-,2239,Strata,01 to 05,911,Oct-21
85,CANBERRA RESIDENCES,CANBERRA DRIVE,Condominium,27,OCR,99 yrs lease commencing from 2010,Resale,1,1208000,-,1324,Strata,01 to 05,912,Oct-21
86,SYMPHONY SUITES,YISHUN CLOSE,Condominium,27,OCR,99 yrs lease commencing from 2014,Resale,1,1015000,-,893,Strata,06 to 10,1136,Oct-21
87,H2O RESIDENCES,FERNVALE LINK,Condominium,28,OCR,99 yrs lease commencing from 2010,Resale,1,919000,-,883,Strata,06 to 10,1041,Oct-21
88,SYMPHONY SUITES,YISHUN CLOSE,Condominium,27,OCR,99 yrs lease commencing from 2014,Resale,1,770000,-,689,Strata,11 to 15,1118,Oct-21
89,H2O RESIDENCES,FERNVALE LINK,Condominium,28,OCR,99 yrs lease commencing from 2010,Resale,1,1250000,-,1130,Strata,06 to 10,1106,Oct-21
90,H2O RESIDENCES,FERNVALE LINK,Condominium,28,OCR,99 yrs lease commencing from 2010,Resale,1,1280000,-,1195,Strata,01 to 05,1071,Oct-21
91,YISHUN SAPPHIRE,CANBERRA DRIVE,Condominium,27,OCR,99 yrs lease commencing from 1998,Resale,1,965000,-,1216,Strata,01 to 05,793,Oct-21
92,SKIES MILTONIA,MILTONIA CLOSE,Condominium,27,OCR,99 yrs lease commencing from 2012,Resale,1,2363800,-,2863,Strata,11 to 15,826,Oct-21
93,RIVERBANK @ FERNVALE,FERNVALE CLOSE,Condominium,28,OCR,99 yrs lease commencing from 2013,Resale,1,1000000,-,947,Strata,06 to 10,1056,Oct-21
94,SYMPHONY SUITES,YISHUN CLOSE,Condominium,27,OCR,99 yrs lease commencing from 2014,Resale,1,1148000,-,1023,Strata,01 to 05,1123,Oct-21
95,HIGH PARK RESIDENCES,FERNVALE ROAD,Apartment,28,OCR,99 yrs lease commencing from 2014,Resale,1,530000,-,388,Strata,11 to 15,1368,Oct-21
96,HIGH PARK RESIDENCES,FERNVALE ROAD,Apartment,28,OCR,99 yrs lease commencing from 2014,Resale,1,1510000,-,1238,Strata,11 to 15,1220,Oct-21
97,THE WISTERIA,YISHUN RING ROAD,Apartment,27,OCR,99 yrs lease commencing from 2015,Resale,1,775000,-,635,Strata,06 to 10,1220,Oct-21
98,SYMPHONY SUITES,YISHUN CLOSE,Condominium,27,OCR,99 yrs lease commencing from 2014,Resale,1,790000,-,689,Strata,11 to 15,1147,Oct-21
99,GRANDE VISTA,CACTUS DRIVE,Condominium,28,OCR,999 yrs lease commencing from 1886,Resale,1,1550000,-,1238,Strata,06 to 10,1252,Oct-21
100,THE ESTUARY,YISHUN AVENUE 1,Condominium,27,OCR,99 yrs lease commencing from 2008,Resale,1,650000,-,603,Strata,01 to 05,1078,Oct-21
101,THE WISTERIA,YISHUN RING ROAD,Apartment,27,OCR,99 yrs lease commencing from 2015,Resale,1,870000,-,710,Strata,06 to 10,1225,Oct-21
102,RIVERBANK @ FERNVALE,FERNVALE CLOSE,Condominium,28,OCR,99 yrs lease commencing from 2013,Resale,1,1220000,-,1055,Strata,11 to 15,1157,Oct-21
103,THE WISTERIA,YISHUN RING ROAD,Apartment,27,OCR,99 yrs lease commencing from 2015,Resale,1,1100000,-,969,Strata,06 to 10,1135,Oct-21
104,SKIES MILTONIA,MILTONIA CLOSE,Condominium,27,OCR,99 yrs lease commencing from 2012,Resale,1,845000,-,743,Strata,06 to 10,1138,Oct-21
105,SELETAR PARK RESIDENCE,SELETAR ROAD,Condominium,28,OCR,99 yrs lease commencing from 2011,Resale,1,2080000,-,2314,Strata,01 to 05,899,Oct-21
106,SELETAR PARK RESIDENCE,SELETAR ROAD,Condominium,28,OCR,99 yrs lease commencing from 2011,Resale,1,1150000,-,872,Strata,01 to 05,1319,Oct-21
107,YISHUN EMERALD,CANBERRA DRIVE,Condominium,27,OCR,99 yrs lease commencing from 1998,Resale,1,1050000,-,1432,Strata,16 to 20,733,Oct-21
108,SKIES MILTONIA,MILTONIA CLOSE,Condominium,27,OCR,99 yrs lease commencing from 2012,Resale,1,785000,-,721,Strata,06 to 10,1088,Oct-21
109,HIGH PARK RESIDENCES,FERNVALE ROAD,Apartment,28,OCR,99 yrs lease commencing from 2014,Resale,1,878000,-,667,Strata,16 to 20,1316,Oct-21
110,EUPHONY GARDENS,JALAN MATA AYER,Condominium,27,OCR,99 yrs lease commencing from 1998,Resale,1,830000,-,1109,Strata,01 to 05,749,Oct-21
111,THE GREENWICH,SELETAR ROAD,Condominium,28,OCR,99 yrs lease commencing from 2009,Resale,1,1590000,-,1227,Strata,01 to 05,1296,Oct-21
112,RIVERBANK @ FERNVALE,FERNVALE CLOSE,Condominium,28,OCR,99 yrs lease commencing from 2013,Resale,1,1700000,-,1389,Strata,06 to 10,1224,Oct-21
113,HIGH PARK RESIDENCES,FERNVALE ROAD,Apartment,28,OCR,99 yrs lease commencing from 2014,Resale,1,993888,-,872,Strata,01 to 05,1140,Oct-21
114,HIGH PARK RESIDENCES,FERNVALE ROAD,Apartment,28,OCR,99 yrs lease commencing from 2014,Resale,1,1190000,-,980,Strata,01 to 05,1215,Oct-21
115,EIGHT COURTYARDS,CANBERRA DRIVE,Condominium,27,OCR,99 yrs lease commencing from 2010,Resale,1,975000,-,990,Strata,01 to 05,985,Oct-21
116,THE ESTUARY,YISHUN AVENUE 1,Condominium,27,OCR,99 yrs lease commencing from 2008,Resale,1,1008888,-,1119,Strata,06 to 10,901,Oct-21
117,THE ESTUARY,YISHUN AVENUE 1,Condominium,27,OCR,99 yrs lease commencing from 2008,Resale,1,1268000,-,915,Strata,06 to 10,1386,Oct-21
118,RIVERBANK @ FERNVALE,FERNVALE CLOSE,Condominium,28,OCR,99 yrs lease commencing from 2013,Resale,1,1200000,-,1044,Strata,06 to 10,1149,Oct-21
119,H2O RESIDENCES,FERNVALE LINK,Condominium,28,OCR,99 yrs lease commencing from 2010,Resale,1,905000,-,883,Strata,11 to 15,1025,Oct-21
120,SKIES MILTONIA,MILTONIA CLOSE,Condominium,27,OCR,99 yrs lease commencing from 2012,Resale,1,785000,-,710,Strata,06 to 10,1105,Oct-21
121,CANBERRA RESIDENCES,CANBERRA DRIVE,Condominium,27,OCR,99 yrs lease commencing from 2010,Resale,1,1580000,-,1905,Strata,01 to 05,829,Oct-21
122,SERENITY PARK,TAMARIND ROAD,Condominium,28,OCR,Freehold,Resale,1,1500000,-,1313,Strata,01 to 05,1142,Oct-21
123,RIVERTREES RESIDENCES,FERNVALE CLOSE,Apartment,28,OCR,99 yrs lease commencing from 2013,Resale,1,1318000,-,1119,Strata,01 to 05,1177,Oct-21
124,NORTHWOOD,JALAN MATA AYER,Condominium,27,OCR,Freehold,Resale,1,1390000,-,1313,Strata,01 to 05,1058,Oct-21
125,THE MILTONIA RESIDENCES,MILTONIA CLOSE,Condominium,27,OCR,99 yrs lease commencing from 2010,Resale,1,890000,-,861,Strata,01 to 05,1034,Oct-21
126,SERENITY PARK,TAMARIND ROAD,Condominium,28,OCR,Freehold,Resale,1,1717000,-,1593,Strata,01 to 05,1078,Oct-21
127,RIVERTREES RESIDENCES,FERNVALE CLOSE,Apartment,28,OCR,99 yrs lease commencing from 2013,Resale,1,845000,-,700,Strata,11 to 15,1208,Oct-21
128,SELETAR PARK RESIDENCE,SELETAR ROAD,Condominium,28,OCR,99 yrs lease commencing from 2011,Resale,1,1080000,-,840,Strata,01 to 05,1286,Sep-21
129,THE ESTUARY,YISHUN AVENUE 1,Condominium,27,OCR,99 yrs lease commencing from 2008,Resale,1,1000000,-,1119,Strata,01 to 05,893,Sep-21
130,THE MILTONIA RESIDENCES,MILTONIA CLOSE,Condominium,27,OCR,99 yrs lease commencing from 2010,Resale,1,840000,-,861,Strata,01 to 05,975,Sep-21
131,H2O RESIDENCES,FERNVALE LINK,Condominium,28,OCR,99 yrs lease commencing from 2010,Resale,1,883028,-,883,Strata,11 to 15,1000,Sep-21
132,NINE RESIDENCES,YISHUN AVENUE 9,Apartment,27,OCR,99 yrs lease commencing from 2013,Resale,1,860000,-,710,Strata,11 to 15,1211,Sep-21
133,THE MILTONIA RESIDENCES,MILTONIA CLOSE,Condominium,27,OCR,99 yrs lease commencing from 2010,Resale,1,870000,-,1001,Strata,01 to 05,869,Sep-21
134,THE WISTERIA,YISHUN RING ROAD,Apartment,27,OCR,99 yrs lease commencing from 2015,Resale,1,1025000,-,893,Strata,06 to 10,1147,Sep-21
135,GRANDE VISTA,CACTUS DRIVE,Condominium,28,OCR,999 yrs lease commencing from 1886,Resale,1,1964000,-,1647,Strata,06 to 10,1193,Sep-21
136,HIGH PARK RESIDENCES,FERNVALE ROAD,Apartment,28,OCR,99 yrs lease commencing from 2014,Resale,1,1058000,-,872,Strata,01 to 05,1213,Sep-21
137,CANBERRA RESIDENCES,CANBERRA DRIVE,Condominium,27,OCR,99 yrs lease commencing from 2010,Resale,1,1330000,-,1528,Strata,01 to 05,870,Sep-21
138,SKIES MILTONIA,MILTONIA CLOSE,Condominium,27,OCR,99 yrs lease commencing from 2012,Resale,1,1070000,-,1076,Strata,01 to 05,994,Sep-21
139,EUPHONY GARDENS,JALAN MATA AYER,Condominium,27,OCR,99 yrs lease commencing from 1998,Resale,1,745000,-,947,Strata,01 to 05,787,Sep-21
140,SELETAR PARK RESIDENCE,SELETAR ROAD,Condominium,28,OCR,99 yrs lease commencing from 2011,Resale,1,1163000,-,872,Strata,01 to 05,1334,Sep-21
141,HIGH PARK RESIDENCES,FERNVALE ROAD,Apartment,28,OCR,99 yrs lease commencing from 2014,Resale,1,868000,-,732,Strata,06 to 10,1186,Sep-21
142,ORCHID PARK CONDOMINIUM,YISHUN STREET 81,Condominium,27,OCR,99 yrs lease commencing from 1991,Resale,1,780000,-,958,Strata,06 to 10,814,Sep-21
143,HIGH PARK RESIDENCES,FERNVALE ROAD,Apartment,28,OCR,99 yrs lease commencing from 2014,Resale,1,650000,-,452,Strata,11 to 15,1438,Sep-21
144,H2O RESIDENCES,FERNVALE LINK,Condominium,28,OCR,99 yrs lease commencing from 2010,Resale,1,908000,-,883,Strata,16 to 20,1029,Sep-21
145,EIGHT COURTYARDS,CANBERRA DRIVE,Condominium,27,OCR,99 yrs lease commencing from 2010,Resale,1,560000,-,452,Strata,06 to 10,1239,Sep-21
146,THE ESTUARY,YISHUN AVENUE 1,Condominium,27,OCR,99 yrs lease commencing from 2008,Resale,1,1100000,-,1119,Strata,06 to 10,983,Sep-21
147,EUPHONY GARDENS,JALAN MATA AYER,Condominium,27,OCR,99 yrs lease commencing from 1998,Resale,1,1428000,-,2056,Strata,01 to 05,695,Sep-21
148,EIGHT COURTYARDS,CANBERRA DRIVE,Condominium,27,OCR,99 yrs lease commencing from 2010,Resale,1,920000,-,958,Strata,01 to 05,960,Sep-21
149,SYMPHONY SUITES,YISHUN CLOSE,Condominium,27,OCR,99 yrs lease commencing from 2014,Resale,1,870000,-,797,Strata,11 to 15,1092,Sep-21
150,MIMOSA PARK,MIMOSA CRESCENT,Condominium,28,OCR,Freehold,Resale,1,1888000,-,1755,Strata,01 to 05,1076,Sep-21
151,ORCHID PARK CONDOMINIUM,YISHUN STREET 81,Condominium,27,OCR,99 yrs lease commencing from 1991,Resale,1,740000,-,893,Strata,01 to 05,828,Sep-21
152,GRANDE VISTA,CACTUS DRIVE,Condominium,28,OCR,999 yrs lease commencing from 1886,Resale,1,1580000,-,1367,Strata,01 to 05,1156,Sep-21
153,HIGH PARK RESIDENCES,FERNVALE ROAD,Apartment,28,OCR,99 yrs lease commencing from 2014,Resale,1,870000,-,635,Strata,21 to 25,1370,Sep-21
154,RIVERTREES RESIDENCES,FERNVALE CLOSE,Apartment,28,OCR,99 yrs lease commencing from 2013,Resale,1,880000,-,700,Strata,06 to 10,1258,Sep-21
155,HIGH PARK RESIDENCES,FERNVALE ROAD,Apartment,28,OCR,99 yrs lease commencing from 2014,Resale,1,1100000,-,872,Strata,21 to 25,1262,Sep-21
156,HIGH PARK RESIDENCES,FERNVALE ROAD,Apartment,28,OCR,99 yrs lease commencing from 2014,Resale,1,1500000,-,1227,Strata,01 to 05,1222,Sep-21
157,RIVERBANK @ FERNVALE,FERNVALE CLOSE,Condominium,28,OCR,99 yrs lease commencing from 2013,Resale,1,1238000,-,1044,Strata,11 to 15,1186,Sep-21
158,THE ESTUARY,YISHUN AVENUE 1,Condominium,27,OCR,99 yrs lease commencing from 2008,Resale,1,1565000,-,1453,Strata,11 to 15,1077,Sep-21
159,H2O RESIDENCES,FERNVALE LINK,Condominium,28,OCR,99 yrs lease commencing from 2010,Resale,1,1250000,-,1076,Strata,11 to 15,1161,Sep-21
160,RIVERBANK @ FERNVALE,FERNVALE CLOSE,Condominium,28,OCR,99 yrs lease commencing from 2013,Resale,1,640000,-,495,Strata,11 to 15,1293,Sep-21
161,THE WISTERIA,YISHUN RING ROAD,Apartment,27,OCR,99 yrs lease commencing from 2015,Resale,1,973000,-,893,Strata,06 to 10,1089,Sep-21
162,SUNRISE GARDENS,SUNRISE AVENUE,Condominium,28,OCR,99 yrs lease commencing from 1995,Resale,1,930000,-,1216,Strata,01 to 05,765,Sep-21
163,SERENITY PARK,TAMARIND ROAD,Condominium,28,OCR,Freehold,Resale,1,1460000,-,1324,Strata,01 to 05,1103,Sep-21
164,YISHUN SAPPHIRE,CANBERRA DRIVE,Condominium,27,OCR,99 yrs lease commencing from 1998,Resale,1,980000,-,1206,Strata,06 to 10,813,Sep-21
165,H2O RESIDENCES,FERNVALE LINK,Condominium,28,OCR,99 yrs lease commencing from 2010,Resale,1,1420000,-,1195,Strata,16 to 20,1188,Sep-21
166,HIGH PARK RESIDENCES,FERNVALE ROAD,Apartment,28,OCR,99 yrs lease commencing from 2014,Resale,1,1270888,-,980,Strata,16 to 20,1297,Sep-21
167,EUPHONY GARDENS,JALAN MATA AYER,Condominium,27,OCR,99 yrs lease commencing from 1998,Resale,1,1050000,-,1518,Strata,01 to 05,692,Sep-21
168,HIGH PARK RESIDENCES,FERNVALE ROAD,Apartment,28,OCR,99 yrs lease commencing from 2014,Resale,1,1225000,-,947,Strata,11 to 15,1293,Sep-21
169,HIGH PARK RESIDENCES,FERNVALE ROAD,Apartment,28,OCR,99 yrs lease commencing from 2014,Resale,1,762888,-,581,Strata,06 to 10,1312,Sep-21
170,EUPHONY GARDENS,JALAN MATA AYER,Condominium,27,OCR,99 yrs lease commencing from 1998,Resale,1,1650000,-,2433,Strata,01 to 05,678,Sep-21
171,GRANDE VISTA,CACTUS DRIVE,Condominium,28,OCR,999 yrs lease commencing from 1886,Resale,1,1580000,-,1367,Strata,01 to 05,1156,Sep-21
172,THE MILTONIA RESIDENCES,MILTONIA CLOSE,Condominium,27,OCR,99 yrs lease commencing from 2010,Resale,1,1800000,-,2077,Strata,01 to 05,866,Sep-21
173,RIVERTREES RESIDENCES,FERNVALE CLOSE,Apartment,28,OCR,99 yrs lease commencing from 2013,Resale,1,1715000,-,1356,Strata,11 to 15,1265,Sep-21
174,HIGH PARK RESIDENCES,FERNVALE ROAD,Apartment,28,OCR,99 yrs lease commencing from 2014,Resale,1,615000,-,441,Strata,11 to 15,1394,Sep-21
175,SYMPHONY SUITES,YISHUN CLOSE,Condominium,27,OCR,99 yrs lease commencing from 2014,Resale,1,870000,-,786,Strata,06 to 10,1107,Sep-21
176,H2O RESIDENCES,FERNVALE LINK,Condominium,28,OCR,99 yrs lease commencing from 2010,Resale,1,1230000,-,1130,Strata,01 to 05,1088,Sep-21
177,RIVERTREES RESIDENCES,FERNVALE CLOSE,Apartment,28,OCR,99 yrs lease commencing from 2013,Resale,1,745000,-,581,Strata,16 to 20,1282,Sep-21
178,GRANDE VISTA,CACTUS DRIVE,Condominium,28,OCR,999 yrs lease commencing from 1886,Resale,1,1920000,-,2024,Strata,01 to 05,949,Sep-21
179,H2O RESIDENCES,FERNVALE LINK,Condominium,28,OCR,99 yrs lease commencing from 2010,Resale,1,842000,-,743,Strata,06 to 10,1134,Sep-21
180,GRANDE VISTA,CACTUS DRIVE,Condominium,28,OCR,999 yrs lease commencing from 1886,Resale,1,1950000,-,1647,Strata,06 to 10,1184,Sep-21
181,GRANDE VISTA,CACTUS DRIVE,Condominium,28,OCR,999 yrs lease commencing from 1886,Resale,1,1950000,-,2024,Strata,01 to 05,964,Sep-21
182,ORCHID PARK CONDOMINIUM,YISHUN STREET 81,Condominium,27,OCR,99 yrs lease commencing from 1991,Resale,1,732000,-,958,Strata,01 to 05,764,Sep-21
183,THE MILTONIA RESIDENCES,MILTONIA CLOSE,Condominium,27,OCR,99 yrs lease commencing from 2010,Resale,1,1128000,-,1141,Strata,01 to 05,989,Sep-21
184,NORTHWOOD,JALAN MATA AYER,Condominium,27,OCR,Freehold,Resale,1,1420000,-,1604,Strata,01 to 05,885,Sep-21
185,EUPHONY GARDENS,JALAN MATA AYER,Condominium,27,OCR,99 yrs lease commencing from 1998,Resale,1,1408888,-,1894,Strata,01 to 05,744,Sep-21
186,SYMPHONY SUITES,YISHUN CLOSE,Condominium,27,OCR,99 yrs lease commencing from 2014,Resale,1,740000,-,689,Strata,01 to 05,1074,Sep-21
187,SUNRISE GARDENS,SUNRISE AVENUE,Condominium,28,OCR,99 yrs lease commencing from 1995,Resale,1,820000,-,1055,Strata,01 to 05,777,Sep-21
188,SKIES MILTONIA,MILTONIA CLOSE,Condominium,27,OCR,99 yrs lease commencing from 2012,Resale,1,788000,-,721,Strata,06 to 10,1093,Sep-21
189,SELETAR PARK RESIDENCE,SELETAR ROAD,Condominium,28,OCR,99 yrs lease commencing from 2011,Resale,1,1250000,-,1442,Strata,01 to 05,867,Aug-21
190,NINE RESIDENCES,YISHUN AVENUE 9,Apartment,27,OCR,99 yrs lease commencing from 2013,Resale,1,650000,-,570,Strata,06 to 10,1139,Aug-21
191,HIGH PARK RESIDENCES,FERNVALE ROAD,Apartment,28,OCR,99 yrs lease commencing from 2014,Resale,1,923000,-,710,Strata,06 to 10,1299,Aug-21
192,EUPHONY GARDENS,JALAN MATA AYER,Condominium,27,OCR,99 yrs lease commencing from 1998,Resale,1,655000,-,743,Strata,01 to 05,882,Aug-21
193,SKIES MILTONIA,MILTONIA CLOSE,Condominium,27,OCR,99 yrs lease commencing from 2012,Resale,1,808000,-,743,Strata,06 to 10,1088,Aug-21
194,HIGH PARK RESIDENCES,FERNVALE ROAD,Apartment,28,OCR,99 yrs lease commencing from 2014,Resale,1,802000,-,667,Strata,01 to 05,1202,Aug-21
195,SELETAR PARK RESIDENCE,SELETAR ROAD,Condominium,28,OCR,99 yrs lease commencing from 2011,Resale,1,950000,-,797,Strata,01 to 05,1193,Aug-21
196,THE ESTUARY,YISHUN AVENUE 1,Condominium,27,OCR,99 yrs lease commencing from 2008,Resale,1,1248000,-,1302,Strata,01 to 05,958,Aug-21
197,FLORAVILLE,CACTUS ROAD,Apartment,28,OCR,Freehold,Resale,1,990000,-,797,Strata,01 to 05,1243,Aug-21
198,GRANDE VISTA,CACTUS DRIVE,Condominium,28,OCR,999 yrs lease commencing from 1886,Resale,1,1500000,-,1238,Strata,01 to 05,1212,Aug-21
199,THE WISTERIA,YISHUN RING ROAD,Apartment,27,OCR,99 yrs lease commencing from 2015,Resale,1,1075000,-,969,Strata,06 to 10,1110,Aug-21
200,HIGH PARK RESIDENCES,FERNVALE ROAD,Apartment,28,OCR,99 yrs lease commencing from 2014,Resale,1,1181888,-,980,Strata,06 to 10,1207,Aug-21
201,ORCHID PARK CONDOMINIUM,YISHUN STREET 81,Condominium,27,OCR,99 yrs lease commencing from 1991,Resale,1,828000,-,1195,Strata,01 to 05,693,Aug-21
202,SKIES MILTONIA,MILTONIA CLOSE,Condominium,27,OCR,99 yrs lease commencing from 2012,Resale,1,770000,-,721,Strata,01 to 05,1068,Aug-21
203,SELETAR SPRINGS CONDOMINIUM,GERALD DRIVE,Condominium,28,OCR,99 yrs lease commencing from 1997,Resale,1,750000,-,1012,Strata,01 to 05,741,Aug-21
204,THE WISTERIA,YISHUN RING ROAD,Apartment,27,OCR,99 yrs lease commencing from 2015,Resale,1,580000,-,441,Strata,06 to 10,1314,Aug-21
205,SYMPHONY SUITES,YISHUN CLOSE,Condominium,27,OCR,99 yrs lease commencing from 2014,Resale,1,1050000,-,915,Strata,01 to 05,1148,Aug-21
206,YISHUN SAPPHIRE,CANBERRA DRIVE,Condominium,27,OCR,99 yrs lease commencing from 1998,Resale,1,1250000,-,1442,Strata,01 to 05,867,Aug-21
207,THE MILTONIA RESIDENCES,MILTONIA CLOSE,Condominium,27,OCR,99 yrs lease commencing from 2010,Resale,1,788000,-,840,Strata,01 to 05,939,Aug-21
208,SKIES MILTONIA,MILTONIA CLOSE,Condominium,27,OCR,99 yrs lease commencing from 2012,Resale,1,805000,-,743,Strata,06 to 10,1084,Aug-21
209,NORTHWOOD,JALAN MATA AYER,Condominium,27,OCR,Freehold,Resale,1,1800000,-,1991,Strata,01 to 05,904,Aug-21
210,HIGH PARK RESIDENCES,FERNVALE ROAD,Apartment,28,OCR,99 yrs lease commencing from 2014,Resale,1,780000,-,581,Strata,01 to 05,1342,Aug-21
211,NINE RESIDENCES,YISHUN AVENUE 9,Apartment,27,OCR,99 yrs lease commencing from 2013,Resale,1,630000,-,495,Strata,01 to 05,1272,Aug-21
212,SUN PLAZA,SEMBAWANG DRIVE,Apartment,27,OCR,99 yrs lease commencing from 1996,Resale,1,1038888,-,1485,Strata,06 to 10,699,Aug-21
213,SELETAR PARK RESIDENCE,SELETAR ROAD,Condominium,28,OCR,99 yrs lease commencing from 2011,Resale,1,1488000,-,1991,Strata,01 to 05,747,Aug-21
214,SYMPHONY SUITES,YISHUN CLOSE,Condominium,27,OCR,99 yrs lease commencing from 2014,Resale,1,1198000,-,1023,Strata,01 to 05,1172,Aug-21
215,HIGH PARK RESIDENCES,FERNVALE ROAD,Apartment,28,OCR,99 yrs lease commencing from 2014,Resale,1,1400000,-,1152,Strata,11 to 15,1216,Aug-21
216,SELETARIS,SEMBAWANG ROAD,Condominium,27,OCR,Freehold,Resale,1,1501000,-,1615,Strata,01 to 05,930,Aug-21
217,THE NAUTICAL,JALAN SENDUDOK,Condominium,27,OCR,99 yrs lease commencing from 2011,Resale,1,928888,-,1001,Strata,01 to 05,928,Aug-21
218,HIGH PARK RESIDENCES,FERNVALE ROAD,Apartment,28,OCR,99 yrs lease commencing from 2014,Resale,1,833000,-,667,Strata,06 to 10,1248,Aug-21
219,HIGH PARK RESIDENCES,FERNVALE ROAD,Apartment,28,OCR,99 yrs lease commencing from 2014,Resale,1,630000,-,463,Strata,11 to 15,1361,Aug-21
220,YISHUN SAPPHIRE,CANBERRA DRIVE,Condominium,27,OCR,99 yrs lease commencing from 1998,Resale,1,950000,-,1195,Strata,11 to 15,795,Aug-21
221,SYMPHONY SUITES,YISHUN CLOSE,Condominium,27,OCR,99 yrs lease commencing from 2014,Resale,1,752000,-,689,Strata,01 to 05,1092,Aug-21
222,EIGHT COURTYARDS,CANBERRA DRIVE,Condominium,27,OCR,99 yrs lease commencing from 2010,Resale,1,980000,-,958,Strata,06 to 10,1023,Aug-21
223,SELETAR PARK RESIDENCE,SELETAR ROAD,Condominium,28,OCR,99 yrs lease commencing from 2011,Resale,1,650000,-,527,Strata,01 to 05,1232,Aug-21
224,NINE RESIDENCES,YISHUN AVENUE 9,Apartment,27,OCR,99 yrs lease commencing from 2013,Resale,1,800000,-,700,Strata,11 to 15,1143,Aug-21
225,ORCHID PARK CONDOMINIUM,YISHUN STREET 81,Condominium,27,OCR,99 yrs lease commencing from 1991,Resale,1,966000,-,1195,Strata,01 to 05,809,Aug-21
226,SELETAR PARK RESIDENCE,SELETAR ROAD,Condominium,28,OCR,99 yrs lease commencing from 2011,Resale,1,1850000,-,2239,Strata,01 to 05,826,Aug-21
227,HIGH PARK RESIDENCES,FERNVALE ROAD,Apartment,28,OCR,99 yrs lease commencing from 2014,Resale,1,868000,-,678,Strata,16 to 20,1280,Aug-21
228,YISHUN SAPPHIRE,CANBERRA DRIVE,Condominium,27,OCR,99 yrs lease commencing from 1998,Resale,1,975000,-,1206,Strata,06 to 10,809,Aug-21
229,EIGHT COURTYARDS,CANBERRA DRIVE,Condominium,27,OCR,99 yrs lease commencing from 2010,Resale,1,1110000,-,1087,Strata,06 to 10,1021,Aug-21
230,SKIES MILTONIA,MILTONIA CLOSE,Condominium,27,OCR,99 yrs lease commencing from 2012,Resale,1,1178000,-,1173,Strata,01 to 05,1004,Aug-21
231,SUNRISE GARDENS,SUNRISE AVENUE,Condominium,28,OCR,99 yrs lease commencing from 1995,Resale,1,1480000,-,2024,Strata,01 to 05,731,Aug-21
232,H2O RESIDENCES,FERNVALE LINK,Condominium,28,OCR,99 yrs lease commencing from 2010,Resale,1,1300000,-,1195,Strata,06 to 10,1088,Aug-21
233,HIGH PARK RESIDENCES,FERNVALE ROAD,Apartment,28,OCR,99 yrs lease commencing from 2014,Resale,1,1080000,-,893,Strata,21 to 25,1209,Aug-21
234,RIVERTREES RESIDENCES,FERNVALE CLOSE,Apartment,28,OCR,99 yrs lease commencing from 2013,Resale,1,1180000,-,947,Strata,06 to 10,1246,Aug-21
235,RIVERBANK @ FERNVALE,FERNVALE CLOSE,Condominium,28,OCR,99 yrs lease commencing from 2013,Resale,1,830000,-,710,Strata,16 to 20,1168,Aug-21
236,THE MILTONIA RESIDENCES,MILTONIA CLOSE,Condominium,27,OCR,99 yrs lease commencing from 2010,Resale,1,570000,-,517,Strata,01 to 05,1103,Aug-21
237,SKIES MILTONIA,MILTONIA CLOSE,Condominium,27,OCR,99 yrs lease commencing from 2012,Resale,1,1130000,-,1033,Strata,06 to 10,1094,Aug-21
238,RIVERBANK @ FERNVALE,FERNVALE CLOSE,Condominium,28,OCR,99 yrs lease commencing from 2013,Resale,1,1068000,-,947,Strata,16 to 20,1127,Aug-21
239,YISHUN EMERALD,CANBERRA DRIVE,Condominium,27,OCR,99 yrs lease commencing from 1998,Resale,1,1068000,-,1335,Strata,01 to 05,800,Aug-21
240,RIVERBANK @ FERNVALE,FERNVALE CLOSE,Condominium,28,OCR,99 yrs lease commencing from 2013,Resale,1,1180000,-,1012,Strata,01 to 05,1166,Aug-21
241,EIGHT COURTYARDS,CANBERRA DRIVE,Condominium,27,OCR,99 yrs lease commencing from 2010,Resale,1,845000,-,861,Strata,06 to 10,981,Aug-21
242,THE GREENWICH,SELETAR ROAD,Condominium,28,OCR,99 yrs lease commencing from 2009,Resale,1,1250000,-,1076,Strata,01 to 05,1161,Aug-21
243,SELETAR PARK RESIDENCE,SELETAR ROAD,Condominium,28,OCR,99 yrs lease commencing from 2011,Resale,1,1165000,-,872,Strata,01 to 05,1336,Aug-21
244,HIGH PARK RESIDENCES,FERNVALE ROAD,Apartment,28,OCR,99 yrs lease commencing from 2014,Resale,1,660000,-,452,Strata,06 to 10,1460,Aug-21
245,SELETAR SPRINGS CONDOMINIUM,GERALD DRIVE,Condominium,28,OCR,99 yrs lease commencing from 1997,Resale,1,950000,-,1313,Strata,01 to 05,723,Aug-21
246,EUPHONY GARDENS,JALAN MATA AYER,Condominium,27,OCR,99 yrs lease commencing from 1998,Resale,1,838000,-,1184,Strata,01 to 05,708,Aug-21
247,YISHUN SAPPHIRE,CANBERRA DRIVE,Condominium,27,OCR,99 yrs lease commencing from 1998,Resale,1,835000,-,990,Strata,11 to 15,843,Aug-21
248,SUN PLAZA,SEMBAWANG DRIVE,Apartment,27,OCR,99 yrs lease commencing from 1996,Resale,1,1280000,-,1776,Strata,06 to 10,721,Aug-21
249,HIGH PARK RESIDENCES,FERNVALE ROAD,Apartment,28,OCR,99 yrs lease commencing from 2014,Resale,1,540000,-,398,Strata,11 to 15,1356,Aug-21
250,SERENITY PARK,TAMARIND ROAD,Condominium,28,OCR,Freehold,Resale,1,1400000,-,1313,Strata,01 to 05,1066,Aug-21
251,THE MILTONIA RESIDENCES,MILTONIA CLOSE,Condominium,27,OCR,99 yrs lease commencing from 2010,Resale,1,775000,-,840,Strata,01 to 05,923,Aug-21
252,SERENITY PARK,TAMARIND ROAD,Condominium,28,OCR,Freehold,Resale,1,1460000,-,1432,Strata,01 to 05,1020,Aug-21
253,SUN PLAZA,SEMBAWANG DRIVE,Apartment,27,OCR,99 yrs lease commencing from 1996,Resale,1,1050000,-,1346,Strata,11 to 15,780,Aug-21
254,SELETAR PARK RESIDENCE,SELETAR ROAD,Condominium,28,OCR,99 yrs lease commencing from 2011,Resale,1,1695000,-,1378,Strata,01 to 05,1230,Aug-21
255,EUPHONY GARDENS,JALAN MATA AYER,Condominium,27,OCR,99 yrs lease commencing from 1998,Resale,1,850000,-,1195,Strata,01 to 05,711,Aug-21
256,SYMPHONY SUITES,YISHUN CLOSE,Condominium,27,OCR,99 yrs lease commencing from 2014,Resale,1,870000,-,797,Strata,06 to 10,1092,Aug-21
257,THE NAUTICAL,JALAN SENDUDOK,Condominium,27,OCR,99 yrs lease commencing from 2011,Resale,1,1370000,-,1389,Strata,01 to 05,987,Aug-21
258,SYMPHONY SUITES,YISHUN CLOSE,Condominium,27,OCR,99 yrs lease commencing from 2014,Resale,1,880000,-,786,Strata,11 to 15,1120,Aug-21
259,H2O RESIDENCES,FERNVALE LINK,Condominium,28,OCR,99 yrs lease commencing from 2010,Resale,1,900000,-,883,Strata,11 to 15,1020,Aug-21
260,THE GREENWICH,SELETAR ROAD,Condominium,28,OCR,99 yrs lease commencing from 2009,Resale,1,788550,-,657,Strata,01 to 05,1201,Aug-21
261,THE NAUTICAL,JALAN SENDUDOK,Condominium,27,OCR,99 yrs lease commencing from 2011,Resale,1,1250000,-,1119,Strata,01 to 05,1117,Aug-21
262,THE WISTERIA,YISHUN RING ROAD,Apartment,27,OCR,99 yrs lease commencing from 2015,Resale,1,948000,-,893,Strata,01 to 05,1061,Aug-21
263,THE GREENWICH,SELETAR ROAD,Condominium,28,OCR,99 yrs lease commencing from 2009,Resale,1,710000,-,646,Strata,01 to 05,1099,Aug-21
264,YISHUN SAPPHIRE,CANBERRA DRIVE,Condominium,27,OCR,99 yrs lease commencing from 1998,Resale,1,960000,-,1216,Strata,01 to 05,789,Aug-21
265,THE MILTONIA RESIDENCES,MILTONIA CLOSE,Condominium,27,OCR,99 yrs lease commencing from 2010,Resale,1,1112000,-,1141,Strata,01 to 05,975,Aug-21
266,YISHUN EMERALD,CANBERRA DRIVE,Condominium,27,OCR,99 yrs lease commencing from 1998,Resale,1,1080000,-,1399,Strata,01 to 05,772,Aug-21
267,HIGH PARK RESIDENCES,FERNVALE ROAD,Apartment,28,OCR,99 yrs lease commencing from 2014,Resale,1,1700000,-,1399,Strata,21 to 25,1215,Aug-21
268,ORCHID PARK CONDOMINIUM,YISHUN STREET 81,Condominium,27,OCR,99 yrs lease commencing from 1991,Resale,1,835000,-,1152,Strata,01 to 05,725,Jul-21
269,ORCHID PARK CONDOMINIUM,YISHUN STREET 81,Condominium,27,OCR,99 yrs lease commencing from 1991,Resale,1,670000,-,980,Strata,01 to 05,684,Jul-21
270,HIGH PARK RESIDENCES,FERNVALE ROAD,Apartment,28,OCR,99 yrs lease commencing from 2014,Resale,1,760000,-,570,Strata,11 to 15,1332,Jul-21
271,SELETAR PARK RESIDENCE,SELETAR ROAD,Condominium,28,OCR,99 yrs lease commencing from 2011,Resale,1,680000,-,592,Strata,01 to 05,1149,Jul-21
272,RIVERBANK @ FERNVALE,FERNVALE CLOSE,Condominium,28,OCR,99 yrs lease commencing from 2013,Resale,1,1250000,-,1055,Strata,06 to 10,1185,Jul-21
273,SELETAR PARK RESIDENCE,SELETAR ROAD,Condominium,28,OCR,99 yrs lease commencing from 2011,Resale,1,1120000,-,872,Strata,01 to 05,1285,Jul-21
274,ORCHID PARK CONDOMINIUM,YISHUN STREET 81,Condominium,27,OCR,99 yrs lease commencing from 1991,Resale,1,750000,-,958,Strata,01 to 05,783,Jul-21
275,YISHUN EMERALD,CANBERRA DRIVE,Condominium,27,OCR,99 yrs lease commencing from 1998,Resale,1,1000000,-,1206,Strata,06 to 10,829,Jul-21
276,H2O RESIDENCES,FERNVALE LINK,Condominium,28,OCR,99 yrs lease commencing from 2010,Resale,1,1250000,-,1130,Strata,11 to 15,1106,Jul-21
277,EIGHT COURTYARDS,CANBERRA DRIVE,Condominium,27,OCR,99 yrs lease commencing from 2010,Resale,1,660000,-,549,Strata,11 to 15,1202,Jul-21
278,EIGHT COURTYARDS,CANBERRA DRIVE,Condominium,27,OCR,99 yrs lease commencing from 2010,Resale,1,1100000,-,1087,Strata,11 to 15,1012,Jul-21
279,RIVERTREES RESIDENCES,FERNVALE CLOSE,Apartment,28,OCR,99 yrs lease commencing from 2013,Resale,1,855000,-,732,Strata,01 to 05,1168,Jul-21
280,THE MILTONIA RESIDENCES,MILTONIA CLOSE,Condominium,27,OCR,99 yrs lease commencing from 2010,Resale,1,870000,-,861,Strata,01 to 05,1010,Jul-21
281,THE WISTERIA,YISHUN RING ROAD,Apartment,27,OCR,99 yrs lease commencing from 2015,Resale,1,1400000,-,1173,Strata,11 to 15,1193,Jul-21
282,MIMOSA PARK,MIMOSA CRESCENT,Condominium,28,OCR,Freehold,Resale,1,2080000,-,1755,Strata,06 to 10,1186,Jul-21
283,D'BANYAN,JALAN SENDUDOK,Apartment,27,OCR,999 yrs lease commencing from 1885,Resale,1,620000,-,624,Strata,01 to 05,993,Jul-21
284,EIGHT COURTYARDS,CANBERRA DRIVE,Condominium,27,OCR,99 yrs lease commencing from 2010,Resale,1,915000,-,990,Strata,06 to 10,924,Jul-21
285,THE MILTONIA RESIDENCES,MILTONIA CLOSE,Condominium,27,OCR,99 yrs lease commencing from 2010,Resale,1,575000,-,517,Strata,01 to 05,1113,Jul-21
286,EIGHT COURTYARDS,CANBERRA DRIVE,Condominium,27,OCR,99 yrs lease commencing from 2010,Resale,1,1126000,-,1087,Strata,11 to 15,1036,Jul-21
287,CANBERRA RESIDENCES,CANBERRA DRIVE,Condominium,27,OCR,99 yrs lease commencing from 2010,Resale,1,845000,-,990,Strata,01 to 05,853,Jul-21
288,THE ESTUARY,YISHUN AVENUE 1,Condominium,27,OCR,99 yrs lease commencing from 2008,Resale,1,980000,-,1119,Strata,01 to 05,875,Jul-21
289,ORCHID PARK CONDOMINIUM,YISHUN STREET 81,Condominium,27,OCR,99 yrs lease commencing from 1991,Resale,1,1300000,-,1572,Strata,11 to 15,827,Jul-21
290,SELETAR PARK RESIDENCE,SELETAR ROAD,Condominium,28,OCR,99 yrs lease commencing from 2011,Resale,1,1000000,-,840,Strata,01 to 05,1191,Jul-21
291,HIGH PARK RESIDENCES,FERNVALE ROAD,Apartment,28,OCR,99 yrs lease commencing from 2014,Resale,1,508000,-,388,Strata,01 to 05,1311,Jul-21
292,GRANDE VISTA,CACTUS DRIVE,Condominium,28,OCR,999 yrs lease commencing from 1886,Resale,1,1900000,-,2024,Strata,01 to 05,939,Jul-21
293,THE MILTONIA RESIDENCES,MILTONIA CLOSE,Condominium,27,OCR,99 yrs lease commencing from 2010,Resale,1,805000,-,840,Strata,01 to 05,959,Jul-21
294,SELETAR PARK RESIDENCE,SELETAR ROAD,Condominium,28,OCR,99 yrs lease commencing from 2011,Resale,1,1640000,-,1292,Strata,01 to 05,1270,Jul-21
295,RIVERBANK @ FERNVALE,FERNVALE CLOSE,Condominium,28,OCR,99 yrs lease commencing from 2013,Resale,1,1180000,-,1044,Strata,11 to 15,1130,Jul-21
296,THE GREENWICH,SELETAR ROAD,Condominium,28,OCR,99 yrs lease commencing from 2009,Resale,1,730000,-,646,Strata,01 to 05,1130,Jul-21
297,RIVERBANK @ FERNVALE,FERNVALE CLOSE,Condominium,28,OCR,99 yrs lease commencing from 2013,Resale,1,1210000,-,1044,Strata,06 to 10,1159,Jul-21
298,EUPHONY GARDENS,JALAN MATA AYER,Condominium,27,OCR,99 yrs lease commencing from 1998,Resale,1,720000,-,1076,Strata,01 to 05,669,Jul-21
299,SKIES MILTONIA,MILTONIA CLOSE,Condominium,27,OCR,99 yrs lease commencing from 2012,Resale,1,1030000,-,1076,Strata,01 to 05,957,Jul-21
300,EIGHT COURTYARDS,CANBERRA DRIVE,Condominium,27,OCR,99 yrs lease commencing from 2010,Resale,1,950000,-,947,Strata,01 to 05,1003,Jul-21
301,YISHUN SAPPHIRE,CANBERRA DRIVE,Condominium,27,OCR,99 yrs lease commencing from 1998,Resale,1,960000,-,1195,Strata,11 to 15,803,Jul-21
302,THE ESTUARY,YISHUN AVENUE 1,Condominium,27,OCR,99 yrs lease commencing from 2008,Resale,1,1330000,-,1302,Strata,01 to 05,1021,Jul-21
303,THE ESTUARY,YISHUN AVENUE 1,Condominium,27,OCR,99 yrs lease commencing from 2008,Resale,1,1600000,-,1528,Strata,11 to 15,1047,Jul-21
304,SELETAR PARK RESIDENCE,SELETAR ROAD,Condominium,28,OCR,99 yrs lease commencing from 2011,Resale,1,1980000,-,2314,Strata,01 to 05,856,Jul-21
305,RIVERBANK @ FERNVALE,FERNVALE CLOSE,Condominium,28,OCR,99 yrs lease commencing from 2013,Resale,1,1185000,-,1055,Strata,01 to 05,1123,Jul-21
306,HIGH PARK RESIDENCES,FERNVALE ROAD,Apartment,28,OCR,99 yrs lease commencing from 2014,Resale,1,568000,-,398,Strata,21 to 25,1426,Jul-21
307,RIVERTREES RESIDENCES,FERNVALE CLOSE,Apartment,28,OCR,99 yrs lease commencing from 2013,Resale,1,690000,-,581,Strata,01 to 05,1187,Jul-21
308,HIGH PARK RESIDENCES,FERNVALE ROAD,Apartment,28,OCR,99 yrs lease commencing from 2014,Resale,1,838888,-,667,Strata,11 to 15,1257,Jul-21
309,CANBERRA RESIDENCES,CANBERRA DRIVE,Condominium,27,OCR,99 yrs lease commencing from 2010,Resale,1,1350000,-,1528,Strata,01 to 05,883,Jul-21
310,HIGH PARK RESIDENCES,FERNVALE ROAD,Apartment,28,OCR,99 yrs lease commencing from 2014,Resale,1,865000,-,667,Strata,16 to 20,1296,Jul-21
311,THE NAUTICAL,JALAN SENDUDOK,Condominium,27,OCR,99 yrs lease commencing from 2011,Resale,1,1090000,-,1119,Strata,01 to 05,974,Jul-21
312,NORTHWOOD,JALAN MATA AYER,Condominium,27,OCR,Freehold,Resale,1,1313000,-,1313,Strata,01 to 05,1000,Jul-21
313,THE NAUTICAL,JALAN SENDUDOK,Condominium,27,OCR,99 yrs lease commencing from 2011,Resale,1,640000,-,570,Strata,01 to 05,1122,Jul-21
314,H2O RESIDENCES,FERNVALE LINK,Condominium,28,OCR,99 yrs lease commencing from 2010,Resale,1,913000,-,883,Strata,16 to 20,1034,Jul-21
315,SELETARIS,SEMBAWANG ROAD,Condominium,27,OCR,Freehold,Resale,1,1730000,-,1959,Strata,01 to 05,883,Jul-21
316,YISHUN EMERALD,CANBERRA DRIVE,Condominium,27,OCR,99 yrs lease commencing from 1998,Resale,1,1050000,-,1173,Strata,11 to 15,895,Jul-21
317,THE WISTERIA,YISHUN RING ROAD,Apartment,27,OCR,99 yrs lease commencing from 2015,Resale,1,790000,-,710,Strata,01 to 05,1112,Jul-21
318,THE SENSORIA,JALAN ULU SEMBAWANG,Condominium,27,OCR,Freehold,Resale,1,1150000,-,1152,Strata,01 to 05,998,Jul-21
319,SKIES MILTONIA,MILTONIA CLOSE,Condominium,27,OCR,99 yrs lease commencing from 2012,Resale,1,785000,-,710,Strata,11 to 15,1105,Jul-21
320,CANBERRA RESIDENCES,CANBERRA DRIVE,Condominium,27,OCR,99 yrs lease commencing from 2010,Resale,1,840000,-,904,Strata,01 to 05,929,Jul-21
321,NORTHWOOD,JALAN MATA AYER,Condominium,27,OCR,Freehold,Resale,1,1320000,-,1335,Strata,01 to 05,989,Jul-21
322,THE GREENWICH,SELETAR ROAD,Condominium,28,OCR,99 yrs lease commencing from 2009,Resale,1,650000,-,603,Strata,01 to 05,1078,Jul-21
323,HIGH PARK RESIDENCES,FERNVALE ROAD,Apartment,28,OCR,99 yrs lease commencing from 2014,Resale,1,1060000,-,893,Strata,01 to 05,1186,Jul-21
324,THE SENSORIA,JALAN ULU SEMBAWANG,Condominium,27,OCR,Freehold,Resale,1,943000,-,1076,Strata,01 to 05,876,Jul-21
325,H2O RESIDENCES,FERNVALE LINK,Condominium,28,OCR,99 yrs lease commencing from 2010,Resale,1,688000,-,527,Strata,16 to 20,1304,Jul-21
326,RIVERBANK @ FERNVALE,FERNVALE CLOSE,Condominium,28,OCR,99 yrs lease commencing from 2013,Resale,1,1260000,-,1216,Strata,01 to 05,1036,Jul-21
327,THE WISTERIA,YISHUN RING ROAD,Apartment,27,OCR,99 yrs lease commencing from 2015,Resale,1,1148000,-,969,Strata,11 to 15,1185,Jul-21
328,THE ESTUARY,YISHUN AVENUE 1,Condominium,27,OCR,99 yrs lease commencing from 2008,Resale,1,1520000,-,1528,Strata,01 to 05,994,Jul-21
329,THE ESTUARY,YISHUN AVENUE 1,Condominium,27,OCR,99 yrs lease commencing from 2008,Resale,1,1500000,-,1453,Strata,11 to 15,1032,Jun-21
330,HIGH PARK RESIDENCES,FERNVALE ROAD,Apartment,28,OCR,99 yrs lease commencing from 2014,Resale,1,808000,-,667,Strata,01 to 05,1211,Jun-21
331,H2O RESIDENCES,FERNVALE LINK,Condominium,28,OCR,99 yrs lease commencing from 2010,Resale,1,820000,-,753,Strata,06 to 10,1088,Jun-21
332,THE WISTERIA,YISHUN RING ROAD,Apartment,27,OCR,99 yrs lease commencing from 2015,Resale,1,782000,-,635,Strata,01 to 05,1231,Jun-21
333,GRANDE VISTA,CACTUS DRIVE,Condominium,28,OCR,999 yrs lease commencing from 1886,Resale,1,1830000,-,1647,Strata,01 to 05,1111,Jun-21
334,RIVERTREES RESIDENCES,FERNVALE CLOSE,Apartment,28,OCR,99 yrs lease commencing from 2013,Resale,1,713000,-,581,Strata,06 to 10,1227,Jun-21
335,THE NAUTICAL,JALAN SENDUDOK,Condominium,27,OCR,99 yrs lease commencing from 2011,Resale,1,820000,-,764,Strata,01 to 05,1073,Jun-21
336,YISHUN SAPPHIRE,CANBERRA DRIVE,Condominium,27,OCR,99 yrs lease commencing from 1998,Resale,1,930000,-,1216,Strata,01 to 05,765,Jun-21
337,SKIES MILTONIA,MILTONIA CLOSE,Condominium,27,OCR,99 yrs lease commencing from 2012,Resale,1,900000,-,743,Strata,11 to 15,1212,Jun-21
338,THE MILTONIA RESIDENCES,MILTONIA CLOSE,Condominium,27,OCR,99 yrs lease commencing from 2010,Resale,1,880000,-,861,Strata,01 to 05,1022,Jun-21
339,THE NAUTICAL,JALAN SENDUDOK,Condominium,27,OCR,99 yrs lease commencing from 2011,Resale,1,826800,-,764,Strata,01 to 05,1082,Jun-21
340,SYMPHONY SUITES,YISHUN CLOSE,Condominium,27,OCR,99 yrs lease commencing from 2014,Resale,1,900000,-,893,Strata,11 to 15,1007,Jun-21
341,SKIES MILTONIA,MILTONIA CLOSE,Condominium,27,OCR,99 yrs lease commencing from 2012,Resale,1,1180000,-,1184,Strata,06 to 10,997,Jun-21
342,SKIES MILTONIA,MILTONIA CLOSE,Condominium,27,OCR,99 yrs lease commencing from 2012,Resale,1,623000,-,527,Strata,06 to 10,1181,Jun-21
343,SYMPHONY SUITES,YISHUN CLOSE,Condominium,27,OCR,99 yrs lease commencing from 2014,Resale,1,768000,-,689,Strata,06 to 10,1115,Jun-21
344,HIGH PARK RESIDENCES,FERNVALE ROAD,Apartment,28,OCR,99 yrs lease commencing from 2014,Resale,1,818000,-,678,Strata,06 to 10,1206,Jun-21
345,EIGHT COURTYARDS,CANBERRA DRIVE,Condominium,27,OCR,99 yrs lease commencing from 2010,Resale,1,1273000,-,1227,Strata,11 to 15,1037,Jun-21
346,HIGH PARK RESIDENCES,FERNVALE ROAD,Apartment,28,OCR,99 yrs lease commencing from 2014,Resale,1,778800,-,592,Strata,16 to 20,1315,Jun-21
347,THE ESTUARY,YISHUN AVENUE 1,Condominium,27,OCR,99 yrs lease commencing from 2008,Resale,1,850000,-,926,Strata,01 to 05,918,Jun-21
348,THE ESTUARY,YISHUN AVENUE 1,Condominium,27,OCR,99 yrs lease commencing from 2008,Resale,1,1300000,-,1302,Strata,01 to 05,998,Jun-21
349,RIVERBANK @ FERNVALE,FERNVALE CLOSE,Condominium,28,OCR,99 yrs lease commencing from 2013,Resale,1,1195000,-,1055,Strata,11 to 15,1133,Jun-21
350,SELETARIS,SEMBAWANG ROAD,Condominium,27,OCR,Freehold,Resale,1,1130000,-,1206,Strata,01 to 05,937,Jun-21
351,H2O RESIDENCES,FERNVALE LINK,Condominium,28,OCR,99 yrs lease commencing from 2010,Resale,1,881000,-,850,Strata,16 to 20,1036,Jun-21
352,YISHUN SAPPHIRE,CANBERRA DRIVE,Condominium,27,OCR,99 yrs lease commencing from 1998,Resale,1,920000,-,1152,Strata,11 to 15,799,Jun-21
353,HIGH PARK RESIDENCES,FERNVALE ROAD,Apartment,28,OCR,99 yrs lease commencing from 2014,Resale,1,875000,-,721,Strata,01 to 05,1213,Jun-21
354,THE GREENWICH,SELETAR ROAD,Condominium,28,OCR,99 yrs lease commencing from 2009,Resale,1,1358000,-,1302,Strata,01 to 05,1043,Jun-21
355,SELETAR PARK RESIDENCE,SELETAR ROAD,Condominium,28,OCR,99 yrs lease commencing from 2011,Resale,1,668000,-,592,Strata,01 to 05,1128,Jun-21
356,SERENITY PARK,TAMARIND ROAD,Condominium,28,OCR,Freehold,Resale,1,1400000,-,1313,Strata,01 to 05,1066,Jun-21
357,THE NAUTICAL,JALAN SENDUDOK,Condominium,27,OCR,99 yrs lease commencing from 2011,Resale,1,1150000,-,1130,Strata,01 to 05,1018,Jun-21
358,THE NAUTICAL,JALAN SENDUDOK,Condominium,27,OCR,99 yrs lease commencing from 2011,Resale,1,960000,-,969,Strata,01 to 05,991,Jun-21
359,EIGHT COURTYARDS,CANBERRA DRIVE,Condominium,27,OCR,99 yrs lease commencing from 2010,Resale,1,925000,-,958,Strata,11 to 15,966,Jun-21
360,HIGH PARK RESIDENCES,FERNVALE ROAD,Apartment,28,OCR,99 yrs lease commencing from 2014,Resale,1,1700000,-,1442,Strata,11 to 15,1179,Jun-21
361,HIGH PARK RESIDENCES,FERNVALE ROAD,Apartment,28,OCR,99 yrs lease commencing from 2014,Resale,1,1200000,-,980,Strata,11 to 15,1225,Jun-21
362,SELETAR PARK RESIDENCE,SELETAR ROAD,Condominium,28,OCR,99 yrs lease commencing from 2011,Resale,1,685000,-,592,Strata,01 to 05,1157,Jun-21
363,GRANDE VISTA,CACTUS DRIVE,Condominium,28,OCR,999 yrs lease commencing from 1886,Resale,1,2938888,-,3477,Strata,06 to 10,845,Jun-21
364,HIGH PARK RESIDENCES,FERNVALE ROAD,Apartment,28,OCR,99 yrs lease commencing from 2014,Resale,1,770000,-,592,Strata,16 to 20,1301,Jun-21
365,ORCHID PARK CONDOMINIUM,YISHUN STREET 81,Condominium,27,OCR,99 yrs lease commencing from 1991,Resale,1,800000,-,1141,Strata,01 to 05,701,Jun-21
366,GRANDE VISTA,CACTUS DRIVE,Condominium,28,OCR,999 yrs lease commencing from 1886,Resale,1,1420000,-,1238,Strata,01 to 05,1147,Jun-21
367,ORCHID PARK CONDOMINIUM,YISHUN STREET 81,Condominium,27,OCR,99 yrs lease commencing from 1991,Resale,1,908000,-,1249,Strata,01 to 05,727,Jun-21
368,HIGH PARK RESIDENCES,FERNVALE ROAD,Apartment,28,OCR,99 yrs lease commencing from 2014,Resale,1,1510000,-,1238,Strata,21 to 25,1220,Jun-21
369,H2O RESIDENCES,FERNVALE LINK,Condominium,28,OCR,99 yrs lease commencing from 2010,Resale,1,900000,-,883,Strata,16 to 20,1020,Jun-21
370,THE WISTERIA,YISHUN RING ROAD,Apartment,27,OCR,99 yrs lease commencing from 2015,Resale,1,598000,-,441,Strata,01 to 05,1355,Jun-21
371,YISHUN EMERALD,CANBERRA DRIVE,Condominium,27,OCR,99 yrs lease commencing from 1998,Resale,1,818000,-,1001,Strata,11 to 15,817,Jun-21
372,NINE RESIDENCES,YISHUN AVENUE 9,Apartment,27,OCR,99 yrs lease commencing from 2013,Resale,1,1060000,-,904,Strata,11 to 15,1172,Jun-21
373,SELETARIS,SEMBAWANG ROAD,Condominium,27,OCR,Freehold,Resale,1,1433000,-,1615,Strata,01 to 05,888,Jun-21
374,SKIES MILTONIA,MILTONIA CLOSE,Condominium,27,OCR,99 yrs lease commencing from 2012,Resale,1,812000,-,743,Strata,06 to 10,1093,Jun-21
375,HIGH PARK RESIDENCES,FERNVALE ROAD,Apartment,28,OCR,99 yrs lease commencing from 2014,Resale,1,843000,-,667,Strata,21 to 25,1263,Jun-21
376,SELETAR PARK RESIDENCE,SELETAR ROAD,Condominium,28,OCR,99 yrs lease commencing from 2011,Resale,1,1000000,-,840,Strata,01 to 05,1191,May-21
377,SUNRISE GARDENS,SUNRISE AVENUE,Condominium,28,OCR,99 yrs lease commencing from 1995,Resale,1,870000,-,1066,Strata,01 to 05,816,May-21
378,H2O RESIDENCES,FERNVALE LINK,Condominium,28,OCR,99 yrs lease commencing from 2010,Resale,1,1630000,-,1378,Strata,06 to 10,1183,May-21
379,THE ESTUARY,YISHUN AVENUE 1,Condominium,27,OCR,99 yrs lease commencing from 2008,Resale,1,1380000,-,1313,Strata,06 to 10,1051,May-21
380,NINE RESIDENCES,YISHUN AVENUE 9,Apartment,27,OCR,99 yrs lease commencing from 2013,Resale,1,865000,-,710,Strata,11 to 15,1218,May-21
381,THE ESTUARY,YISHUN AVENUE 1,Condominium,27,OCR,99 yrs lease commencing from 2008,Resale,1,1500000,-,1528,Strata,01 to 05,981,May-21
382,SKIES MILTONIA,MILTONIA CLOSE,Condominium,27,OCR,99 yrs lease commencing from 2012,Resale,1,798000,-,743,Strata,06 to 10,1074,May-21
383,GOODLINK PARK,SEMBAWANG ROAD,Apartment,27,OCR,Freehold,Resale,1,1300000,-,2077,Strata,01 to 05,626,May-21
384,THE NAUTICAL,JALAN SENDUDOK,Condominium,27,OCR,99 yrs lease commencing from 2011,Resale,1,790000,-,764,Strata,01 to 05,1034,May-21
385,H2O RESIDENCES,FERNVALE LINK,Condominium,28,OCR,99 yrs lease commencing from 2010,Resale,1,848000,-,797,Strata,06 to 10,1065,May-21
386,THE WISTERIA,YISHUN RING ROAD,Apartment,27,OCR,99 yrs lease commencing from 2015,Resale,1,850000,-,710,Strata,11 to 15,1196,May-21
387,NORTHWOOD,JALAN MATA AYER,Condominium,27,OCR,Freehold,Resale,1,2000000,-,2228,Strata,01 to 05,898,May-21
388,HIGH PARK RESIDENCES,FERNVALE ROAD,Apartment,28,OCR,99 yrs lease commencing from 2014,Resale,1,780000,-,581,Strata,11 to 15,1342,May-21
389,SKIES MILTONIA,MILTONIA CLOSE,Condominium,27,OCR,99 yrs lease commencing from 2012,Resale,1,595000,-,484,Strata,11 to 15,1228,May-21
390,SYMPHONY SUITES,YISHUN CLOSE,Condominium,27,OCR,99 yrs lease commencing from 2014,Resale,1,740000,-,689,Strata,01 to 05,1074,May-21
391,HIGH PARK RESIDENCES,FERNVALE ROAD,Apartment,28,OCR,99 yrs lease commencing from 2014,Resale,1,1680000,-,1367,Strata,16 to 20,1229,May-21
392,SYMPHONY SUITES,YISHUN CLOSE,Condominium,27,OCR,99 yrs lease commencing from 2014,Resale,1,1220000,-,1023,Strata,11 to 15,1193,May-21
393,THE ESTUARY,YISHUN AVENUE 1,Condominium,27,OCR,99 yrs lease commencing from 2008,Resale,1,1355000,-,1302,Strata,01 to 05,1040,May-21
394,YISHUN EMERALD,CANBERRA DRIVE,Condominium,27,OCR,99 yrs lease commencing from 1998,Resale,1,1048000,-,1432,Strata,16 to 20,732,May-21
395,RIVERTREES RESIDENCES,FERNVALE CLOSE,Apartment,28,OCR,99 yrs lease commencing from 2013,Resale,1,1650000,-,1356,Strata,11 to 15,1217,May-21
396,EIGHT COURTYARDS,CANBERRA DRIVE,Condominium,27,OCR,99 yrs lease commencing from 2010,Resale,1,660000,-,549,Strata,11 to 15,1202,May-21
397,THE ESTUARY,YISHUN AVENUE 1,Condominium,27,OCR,99 yrs lease commencing from 2008,Resale,1,680000,-,603,Strata,16 to 20,1128,May-21
398,CANBERRA RESIDENCES,CANBERRA DRIVE,Condominium,27,OCR,99 yrs lease commencing from 2010,Resale,1,625000,-,700,Strata,01 to 05,893,May-21
399,YISHUN EMERALD,CANBERRA DRIVE,Condominium,27,OCR,99 yrs lease commencing from 1998,Resale,1,1020000,-,1389,Strata,16 to 20,735,May-21
400,THE MILTONIA RESIDENCES,MILTONIA CLOSE,Condominium,27,OCR,99 yrs lease commencing from 2010,Resale,1,1830000,-,2077,Strata,01 to 05,881,May-21
401,H2O RESIDENCES,FERNVALE LINK,Condominium,28,OCR,99 yrs lease commencing from 2010,Resale,1,918000,-,883,Strata,16 to 20,1040,May-21
402,H2O RESIDENCES,FERNVALE LINK,Condominium,28,OCR,99 yrs lease commencing from 2010,Resale,1,868000,-,743,Strata,16 to 20,1169,May-21
403,SELETAR PARK RESIDENCE,SELETAR ROAD,Condominium,28,OCR,99 yrs lease commencing from 2011,Resale,1,633000,-,527,Strata,01 to 05,1200,May-21
404,GRANDE VISTA,CACTUS DRIVE,Condominium,28,OCR,999 yrs lease commencing from 1886,Resale,1,1700000,-,1636,Strata,01 to 05,1039,May-21
405,SKIES MILTONIA,MILTONIA CLOSE,Condominium,27,OCR,99 yrs lease commencing from 2012,Resale,1,580000,-,484,Strata,01 to 05,1197,May-21
406,RIVERTREES RESIDENCES,FERNVALE CLOSE,Apartment,28,OCR,99 yrs lease commencing from 2013,Resale,1,883000,-,732,Strata,06 to 10,1206,May-21
407,GRANDE VISTA,CACTUS DRIVE,Condominium,28,OCR,999 yrs lease commencing from 1886,Resale,1,1868000,-,1636,Strata,01 to 05,1142,May-21
408,HIGH PARK RESIDENCES,FERNVALE ROAD,Apartment,28,OCR,99 yrs lease commencing from 2014,Resale,1,758888,-,592,Strata,11 to 15,1282,May-21
409,SUNRISE GARDENS,SUNRISE AVENUE,Condominium,28,OCR,99 yrs lease commencing from 1995,Resale,1,988888,-,1281,Strata,01 to 05,772,May-21
410,SELETAR PARK RESIDENCE,SELETAR ROAD,Condominium,28,OCR,99 yrs lease commencing from 2011,Resale,1,600000,-,527,Strata,01 to 05,1138,May-21
411,SYMPHONY SUITES,YISHUN CLOSE,Condominium,27,OCR,99 yrs lease commencing from 2014,Resale,1,1045000,-,915,Strata,11 to 15,1142,May-21
412,HIGH PARK RESIDENCES,FERNVALE ROAD,Apartment,28,OCR,99 yrs lease commencing from 2014,Resale,1,760000,-,592,Strata,16 to 20,1284,May-21
413,SELETAR PARK RESIDENCE,SELETAR ROAD,Condominium,28,OCR,99 yrs lease commencing from 2011,Resale,1,970000,-,840,Strata,01 to 05,1155,May-21
414,RIVERTREES RESIDENCES,FERNVALE CLOSE,Apartment,28,OCR,99 yrs lease commencing from 2013,Resale,1,710000,-,581,Strata,01 to 05,1221,May-21
415,HIGH PARK RESIDENCES,FERNVALE ROAD,Apartment,28,OCR,99 yrs lease commencing from 2014,Resale,1,810000,-,667,Strata,06 to 10,1214,May-21
416,THE MILTONIA RESIDENCES,MILTONIA CLOSE,Condominium,27,OCR,99 yrs lease commencing from 2010,Resale,1,790000,-,840,Strata,01 to 05,941,May-21
417,RIVERBANK @ FERNVALE,FERNVALE CLOSE,Condominium,28,OCR,99 yrs lease commencing from 2013,Resale,1,1250000,-,1055,Strata,11 to 15,1185,May-21
418,HIGH PARK RESIDENCES,FERNVALE ROAD,Apartment,28,OCR,99 yrs lease commencing from 2014,Resale,1,768000,-,592,Strata,11 to 15,1297,May-21
419,RIVERTREES RESIDENCES,FERNVALE CLOSE,Apartment,28,OCR,99 yrs lease commencing from 2013,Resale,1,1500000,-,1206,Strata,06 to 10,1244,May-21
420,SERENITY PARK,TAMARIND ROAD,Condominium,28,OCR,Freehold,Resale,1,1678000,-,1582,Strata,01 to 05,1060,May-21
421,YISHUN EMERALD,CANBERRA DRIVE,Condominium,27,OCR,99 yrs lease commencing from 1998,Resale,1,845000,-,1033,Strata,01 to 05,818,May-21
422,NINE RESIDENCES,YISHUN AVENUE 9,Apartment,27,OCR,99 yrs lease commencing from 2013,Resale,1,665000,-,570,Strata,06 to 10,1166,May-21
423,THE NAUTICAL,JALAN SENDUDOK,Condominium,27,OCR,99 yrs lease commencing from 2011,Resale,1,1280088,-,1389,Strata,01 to 05,922,May-21
424,YISHUN EMERALD,CANBERRA DRIVE,Condominium,27,OCR,99 yrs lease commencing from 1998,Resale,1,1100000,-,1399,Strata,06 to 10,786,May-21
425,THE NAUTICAL,JALAN SENDUDOK,Condominium,27,OCR,99 yrs lease commencing from 2011,Resale,1,863000,-,915,Strata,01 to 05,943,May-21
426,SELETAR PARK RESIDENCE,SELETAR ROAD,Condominium,28,OCR,99 yrs lease commencing from 2011,Resale,1,715000,-,646,Strata,01 to 05,1107,May-21
427,EIGHT COURTYARDS,CANBERRA DRIVE,Condominium,27,OCR,99 yrs lease commencing from 2010,Resale,1,898000,-,893,Strata,11 to 15,1005,May-21
428,THE NAUTICAL,JALAN SENDUDOK,Condominium,27,OCR,99 yrs lease commencing from 2011,Resale,1,560000,-,441,Strata,01 to 05,1269,May-21
429,EIGHT COURTYARDS,CANBERRA DRIVE,Condominium,27,OCR,99 yrs lease commencing from 2010,Resale,1,838000,-,861,Strata,11 to 15,973,May-21
430,RIVERBANK @ FERNVALE,FERNVALE CLOSE,Condominium,28,OCR,99 yrs lease commencing from 2013,Resale,1,1245000,-,1055,Strata,11 to 15,1180,May-21
431,H2O RESIDENCES,FERNVALE LINK,Condominium,28,OCR,99 yrs lease commencing from 2010,Resale,1,825000,-,753,Strata,11 to 15,1095,May-21
432,SYMPHONY SUITES,YISHUN CLOSE,Condominium,27,OCR,99 yrs lease commencing from 2014,Resale,1,847000,-,786,Strata,01 to 05,1078,May-21
433,EIGHT COURTYARDS,CANBERRA DRIVE,Condominium,27,OCR,99 yrs lease commencing from 2010,Resale,1,888000,-,1012,Strata,06 to 10,878,May-21
434,SELETAR PARK RESIDENCE,SELETAR ROAD,Condominium,28,OCR,99 yrs lease commencing from 2011,Resale,1,1000000,-,840,Strata,01 to 05,1191,May-21
435,SUNRISE GARDENS,SUNRISE AVENUE,Condominium,28,OCR,99 yrs lease commencing from 1995,Resale,1,685000,-,818,Strata,01 to 05,837,May-21
436,H2O RESIDENCES,FERNVALE LINK,Condominium,28,OCR,99 yrs lease commencing from 2010,Resale,1,925000,-,883,Strata,16 to 20,1048,Apr-21
437,RIVERTREES RESIDENCES,FERNVALE CLOSE,Apartment,28,OCR,99 yrs lease commencing from 2013,Resale,1,738000,-,581,Strata,01 to 05,1270,Apr-21
438,RIVERTREES RESIDENCES,FERNVALE CLOSE,Apartment,28,OCR,99 yrs lease commencing from 2013,Resale,1,1028000,-,872,Strata,16 to 20,1179,Apr-21
439,RIVERBANK @ FERNVALE,FERNVALE CLOSE,Condominium,28,OCR,99 yrs lease commencing from 2013,Resale,1,1500000,-,1335,Strata,01 to 05,1124,Apr-21
440,EIGHT COURTYARDS,CANBERRA DRIVE,Condominium,27,OCR,99 yrs lease commencing from 2010,Resale,1,1040000,-,1087,Strata,06 to 10,957,Apr-21
441,THE SENSORIA,JALAN ULU SEMBAWANG,Condominium,27,OCR,Freehold,Resale,1,1210000,-,1184,Strata,01 to 05,1022,Apr-21
442,EUPHONY GARDENS,JALAN MATA AYER,Condominium,27,OCR,99 yrs lease commencing from 1998,Resale,1,1400000,-,1830,Strata,01 to 05,765,Apr-21
443,SELETAR PARK RESIDENCE,SELETAR ROAD,Condominium,28,OCR,99 yrs lease commencing from 2011,Resale,1,1055000,-,840,Strata,01 to 05,1257,Apr-21
444,HIGH PARK RESIDENCES,FERNVALE ROAD,Apartment,28,OCR,99 yrs lease commencing from 2014,Resale,1,620000,-,452,Strata,06 to 10,1371,Apr-21
445,ORCHID PARK CONDOMINIUM,YISHUN STREET 81,Condominium,27,OCR,99 yrs lease commencing from 1991,Resale,1,990000,-,1249,Strata,06 to 10,793,Apr-21
446,YISHUN SAPPHIRE,CANBERRA DRIVE,Condominium,27,OCR,99 yrs lease commencing from 1998,Resale,1,1100000,-,1346,Strata,06 to 10,818,Apr-21
447,RIVERTREES RESIDENCES,FERNVALE CLOSE,Apartment,28,OCR,99 yrs lease commencing from 2013,Resale,1,1280000,-,1119,Strata,01 to 05,1143,Apr-21
448,SUNRISE GARDENS,SUNRISE AVENUE,Condominium,28,OCR,99 yrs lease commencing from 1995,Resale,1,1450000,-,1690,Strata,01 to 05,858,Apr-21
449,THE MILTONIA RESIDENCES,MILTONIA CLOSE,Condominium,27,OCR,99 yrs lease commencing from 2010,Resale,1,760000,-,840,Strata,01 to 05,905,Apr-21
450,YISHUN SAPPHIRE,CANBERRA DRIVE,Condominium,27,OCR,99 yrs lease commencing from 1998,Resale,1,740000,-,1001,Strata,06 to 10,739,Apr-21
451,RIVERTREES RESIDENCES,FERNVALE CLOSE,Apartment,28,OCR,99 yrs lease commencing from 2013,Resale,1,1680000,-,1356,Strata,16 to 20,1239,Apr-21
452,HIGH PARK RESIDENCES,FERNVALE ROAD,Apartment,28,OCR,99 yrs lease commencing from 2014,Resale,1,848000,-,667,Strata,21 to 25,1271,Apr-21
453,HIGH PARK RESIDENCES,FERNVALE ROAD,Apartment,28,OCR,99 yrs lease commencing from 2014,Resale,1,818000,-,667,Strata,06 to 10,1226,Apr-21
454,RIVERBANK @ FERNVALE,FERNVALE CLOSE,Condominium,28,OCR,99 yrs lease commencing from 2013,Resale,1,1150000,-,1055,Strata,01 to 05,1090,Apr-21
455,SERENITY PARK,TAMARIND ROAD,Condominium,28,OCR,Freehold,Resale,1,1690000,-,1593,Strata,01 to 05,1061,Apr-21
456,THE NAUTICAL,JALAN SENDUDOK,Condominium,27,OCR,99 yrs lease commencing from 2011,Resale,1,1100000,-,1259,Strata,01 to 05,873,Apr-21
457,NORTHWOOD,JALAN MATA AYER,Condominium,27,OCR,Freehold,Resale,1,1250000,-,1313,Strata,01 to 05,952,Apr-21
458,RIVERBANK @ FERNVALE,FERNVALE CLOSE,Condominium,28,OCR,99 yrs lease commencing from 2013,Resale,1,605000,-,495,Strata,16 to 20,1222,Apr-21
459,SKIES MILTONIA,MILTONIA CLOSE,Condominium,27,OCR,99 yrs lease commencing from 2012,Resale,1,1218000,-,1184,Strata,11 to 15,1029,Apr-21
460,HIGH PARK RESIDENCES,FERNVALE ROAD,Apartment,28,OCR,99 yrs lease commencing from 2014,Resale,1,960000,-,893,Strata,01 to 05,1075,Apr-21
461,EUPHONY GARDENS,JALAN MATA AYER,Condominium,27,OCR,99 yrs lease commencing from 1998,Resale,1,890000,-,1216,Strata,01 to 05,732,Apr-21
462,NORTHWOOD,JALAN MATA AYER,Condominium,27,OCR,Freehold,Resale,1,2000000,-,2228,Strata,01 to 05,898,Apr-21
463,ORCHID PARK CONDOMINIUM,YISHUN STREET 81,Condominium,27,OCR,99 yrs lease commencing from 1991,Resale,1,700000,-,872,Strata,06 to 10,803,Apr-21
464,HIGH PARK RESIDENCES,FERNVALE ROAD,Apartment,28,OCR,99 yrs lease commencing from 2014,Resale,1,1525000,-,1238,Strata,11 to 15,1232,Apr-21
465,EIGHT COURTYARDS,CANBERRA DRIVE,Condominium,27,OCR,99 yrs lease commencing from 2010,Resale,1,1000000,-,969,Strata,06 to 10,1032,Apr-21
466,RIVERBANK @ FERNVALE,FERNVALE CLOSE,Condominium,28,OCR,99 yrs lease commencing from 2013,Resale,1,1228000,-,1216,Strata,01 to 05,1010,Apr-21
467,HIGH PARK RESIDENCES,FERNVALE ROAD,Apartment,28,OCR,99 yrs lease commencing from 2014,Resale,1,838000,-,667,Strata,16 to 20,1256,Apr-21
468,THE MILTONIA RESIDENCES,MILTONIA CLOSE,Condominium,27,OCR,99 yrs lease commencing from 2010,Resale,1,777500,-,840,Strata,01 to 05,926,Apr-21
469,SERENITY PARK,TAMARIND ROAD,Condominium,28,OCR,Freehold,Resale,1,1150000,-,1098,Strata,01 to 05,1047,Apr-21
470,HIGH PARK RESIDENCES,FERNVALE ROAD,Apartment,28,OCR,99 yrs lease commencing from 2014,Resale,1,1055000,-,893,Strata,11 to 15,1181,Apr-21
471,GRANDE VISTA,CACTUS DRIVE,Condominium,28,OCR,999 yrs lease commencing from 1886,Resale,1,1838000,-,1647,Strata,01 to 05,1116,Apr-21
472,THE GREENWICH,SELETAR ROAD,Condominium,28,OCR,99 yrs lease commencing from 2009,Resale,1,775000,-,657,Strata,01 to 05,1180,Apr-21
473,THE NAUTICAL,JALAN SENDUDOK,Condominium,27,OCR,99 yrs lease commencing from 2011,Resale,1,790000,-,786,Strata,01 to 05,1005,Apr-21
474,THE ESTUARY,YISHUN AVENUE 1,Condominium,27,OCR,99 yrs lease commencing from 2008,Resale,1,660000,-,592,Strata,16 to 20,1115,Apr-21
475,THE NAUTICAL,JALAN SENDUDOK,Condominium,27,OCR,99 yrs lease commencing from 2011,Resale,1,1138000,-,1302,Strata,01 to 05,874,Apr-21
476,SKIES MILTONIA,MILTONIA CLOSE,Condominium,27,OCR,99 yrs lease commencing from 2012,Resale,1,1160000,-,1173,Strata,06 to 10,989,Apr-21
477,SKIES MILTONIA,MILTONIA CLOSE,Condominium,27,OCR,99 yrs lease commencing from 2012,Resale,1,790000,-,743,Strata,01 to 05,1064,Apr-21
478,THE GREENWICH,SELETAR ROAD,Condominium,28,OCR,99 yrs lease commencing from 2009,Resale,1,978000,-,904,Strata,01 to 05,1082,Apr-21
479,SEMBAWANG COTTAGE,SEMBAWANG ROAD,Apartment,27,OCR,Freehold,Resale,1,1465000,-,2282,Strata,01 to 05,642,Apr-21
480,H2O RESIDENCES,FERNVALE LINK,Condominium,28,OCR,99 yrs lease commencing from 2010,Resale,1,1440000,-,1227,Strata,16 to 20,1174,Apr-21
481,EUPHONY GARDENS,JALAN MATA AYER,Condominium,27,OCR,99 yrs lease commencing from 1998,Resale,1,708888,-,980,Strata,01 to 05,724,Apr-21
482,SKIES MILTONIA,MILTONIA CLOSE,Condominium,27,OCR,99 yrs lease commencing from 2012,Resale,1,795000,-,721,Strata,11 to 15,1102,Apr-21
483,RIVERBANK @ FERNVALE,FERNVALE CLOSE,Condominium,28,OCR,99 yrs lease commencing from 2013,Resale,1,1158000,-,1044,Strata,11 to 15,1109,Apr-21
484,D'BANYAN,JALAN SENDUDOK,Apartment,27,OCR,999 yrs lease commencing from 1885,Resale,1,933000,-,1163,Strata,01 to 05,803,Apr-21
485,CANBERRA RESIDENCES,CANBERRA DRIVE,Condominium,27,OCR,99 yrs lease commencing from 2010,Resale,1,973888,-,1076,Strata,01 to 05,905,Apr-21
486,SELETAR SPRINGS CONDOMINIUM,GERALD DRIVE,Condominium,28,OCR,99 yrs lease commencing from 1997,Resale,1,1310000,-,1561,Strata,01 to 05,839,Apr-21
487,SELETAR SPRINGS CONDOMINIUM,GERALD DRIVE,Condominium,28,OCR,99 yrs lease commencing from 1997,Resale,1,985000,-,1335,Strata,01 to 05,738,Apr-21
488,HIGH PARK RESIDENCES,FERNVALE ROAD,Apartment,28,OCR,99 yrs lease commencing from 2014,Resale,1,870000,-,635,Strata,21 to 25,1370,Apr-21
489,THE MILTONIA RESIDENCES,MILTONIA CLOSE,Condominium,27,OCR,99 yrs lease commencing from 2010,Resale,1,1200000,-,1141,Strata,01 to 05,1052,Apr-21
490,H2O RESIDENCES,FERNVALE LINK,Condominium,28,OCR,99 yrs lease commencing from 2010,Resale,1,1500000,-,1636,Strata,01 to 05,917,Apr-21
491,RIVERTREES RESIDENCES,FERNVALE CLOSE,Apartment,28,OCR,99 yrs lease commencing from 2013,Resale,1,910000,-,732,Strata,16 to 20,1243,Apr-21
492,THE NAUTICAL,JALAN SENDUDOK,Condominium,27,OCR,99 yrs lease commencing from 2011,Resale,1,560000,-,441,Strata,01 to 05,1269,Apr-21
493,CANBERRA RESIDENCES,CANBERRA DRIVE,Condominium,27,OCR,99 yrs lease commencing from 2010,Resale,1,1100000,-,1324,Strata,01 to 05,831,Apr-21
494,EIGHT COURTYARDS,CANBERRA DRIVE,Condominium,27,OCR,99 yrs lease commencing from 2010,Resale,1,1230000,-,1152,Strata,11 to 15,1068,Apr-21
495,YISHUN EMERALD,CANBERRA DRIVE,Condominium,27,OCR,99 yrs lease commencing from 1998,Resale,1,918000,-,1206,Strata,06 to 10,761,Apr-21
496,SUNRISE GARDENS,SUNRISE AVENUE,Condominium,28,OCR,99 yrs lease commencing from 1995,Resale,1,980000,-,1270,Strata,01 to 05,772,Apr-21
497,RIVERBANK @ FERNVALE,FERNVALE CLOSE,Condominium,28,OCR,99 yrs lease commencing from 2013,Resale,1,1100000,-,1044,Strata,06 to 10,1054,Apr-21
498,SELETAR SPRINGS CONDOMINIUM,GERALD DRIVE,Condominium,28,OCR,99 yrs lease commencing from 1997,Resale,1,788000,-,947,Strata,01 to 05,832,Apr-21
499,YISHUN EMERALD,CANBERRA DRIVE,Condominium,27,OCR,99 yrs lease commencing from 1998,Resale,1,915000,-,1184,Strata,06 to 10,773,Apr-21
500,SKIES MILTONIA,MILTONIA CLOSE,Condominium,27,OCR,99 yrs lease commencing from 2012,Resale,1,968000,-,969,Strata,01 to 05,999,Apr-21
501,THE GREENWICH,SELETAR ROAD,Condominium,28,OCR,99 yrs lease commencing from 2009,Resale,1,722000,-,603,Strata,01 to 05,1198,Apr-21
502,SELETARIS,SEMBAWANG ROAD,Condominium,27,OCR,Freehold,Resale,1,1338000,-,1572,Strata,01 to 05,851,Apr-21
503,HIGH PARK RESIDENCES,FERNVALE ROAD,Apartment,28,OCR,99 yrs lease commencing from 2014,Resale,1,1135000,-,990,Strata,06 to 10,1146,Apr-21
504,RIVERBANK @ FERNVALE,FERNVALE CLOSE,Condominium,28,OCR,99 yrs lease commencing from 2013,Resale,1,1128000,-,1044,Strata,06 to 10,1080,Apr-21
505,THE MILTONIA RESIDENCES,MILTONIA CLOSE,Condominium,27,OCR,99 yrs lease commencing from 2010,Resale,1,1350000,-,1528,Strata,01 to 05,883,Apr-21
506,SYMPHONY SUITES,YISHUN CLOSE,Condominium,27,OCR,99 yrs lease commencing from 2014,Resale,1,890000,-,786,Strata,11 to 15,1133,Apr-21
507,EUPHONY GARDENS,JALAN MATA AYER,Condominium,27,OCR,99 yrs lease commencing from 1998,Resale,1,840000,-,1163,Strata,01 to 05,723,Apr-21
508,SYMPHONY SUITES,YISHUN CLOSE,Condominium,27,OCR,99 yrs lease commencing from 2014,Resale,1,711000,-,689,Strata,11 to 15,1032,Mar-21
509,HIGH PARK RESIDENCES,FERNVALE ROAD,Apartment,28,OCR,99 yrs lease commencing from 2014,Resale,1,695000,-,592,Strata,01 to 05,1174,Mar-21
510,THE NAUTICAL,JALAN SENDUDOK,Condominium,27,OCR,99 yrs lease commencing from 2011,Resale,1,1020000,-,1119,Strata,01 to 05,911,Mar-21
511,YISHUN EMERALD,CANBERRA DRIVE,Condominium,27,OCR,99 yrs lease commencing from 1998,Resale,1,785000,-,1023,Strata,11 to 15,768,Mar-21
512,THE ESTUARY,YISHUN AVENUE 1,Condominium,27,OCR,99 yrs lease commencing from 2008,Resale,1,608000,-,592,Strata,06 to 10,1027,Mar-21
513,THE MILTONIA RESIDENCES,MILTONIA CLOSE,Condominium,27,OCR,99 yrs lease commencing from 2010,Resale,1,540000,-,517,Strata,01 to 05,1045,Mar-21
514,YISHUN EMERALD,CANBERRA DRIVE,Condominium,27,OCR,99 yrs lease commencing from 1998,Resale,1,1020000,-,1324,Strata,11 to 15,770,Mar-21
515,H2O RESIDENCES,FERNVALE LINK,Condominium,28,OCR,99 yrs lease commencing from 2010,Resale,1,868000,-,883,Strata,06 to 10,983,Mar-21
516,EIGHT COURTYARDS,CANBERRA DRIVE,Condominium,27,OCR,99 yrs lease commencing from 2010,Resale,1,1112000,-,1130,Strata,06 to 10,984,Mar-21
517,THE NAUTICAL,JALAN SENDUDOK,Condominium,27,OCR,99 yrs lease commencing from 2011,Resale,1,960000,-,1012,Strata,01 to 05,949,Mar-21
518,SELETAR SPRINGS CONDOMINIUM,GERALD DRIVE,Condominium,28,OCR,99 yrs lease commencing from 1997,Resale,1,770000,-,980,Strata,01 to 05,786,Mar-21
519,NORTHWOOD,JALAN MATA AYER,Condominium,27,OCR,Freehold,Resale,1,1080000,-,1130,Strata,01 to 05,956,Mar-21
520,THE MILTONIA RESIDENCES,MILTONIA CLOSE,Condominium,27,OCR,99 yrs lease commencing from 2010,Resale,1,1250000,-,1464,Strata,01 to 05,854,Mar-21
521,YISHUN EMERALD,CANBERRA DRIVE,Condominium,27,OCR,99 yrs lease commencing from 1998,Resale,1,900000,-,1216,Strata,06 to 10,740,Mar-21
522,THE NAUTICAL,JALAN SENDUDOK,Condominium,27,OCR,99 yrs lease commencing from 2011,Resale,1,1138000,-,1302,Strata,01 to 05,874,Mar-21
523,YISHUN SAPPHIRE,CANBERRA DRIVE,Condominium,27,OCR,99 yrs lease commencing from 1998,Resale,1,738888,-,1023,Strata,01 to 05,723,Mar-21
524,NINE RESIDENCES,YISHUN AVENUE 9,Apartment,27,OCR,99 yrs lease commencing from 2013,Resale,1,665000,-,570,Strata,11 to 15,1166,Mar-21
525,THE MILTONIA RESIDENCES,MILTONIA CLOSE,Condominium,27,OCR,99 yrs lease commencing from 2010,Resale,1,1340000,-,1518,Strata,01 to 05,883,Mar-21
526,THE MILTONIA RESIDENCES,MILTONIA CLOSE,Condominium,27,OCR,99 yrs lease commencing from 2010,Resale,1,1346000,-,1528,Strata,01 to 05,881,Mar-21
527,ORCHID PARK CONDOMINIUM,YISHUN STREET 81,Condominium,27,OCR,99 yrs lease commencing from 1991,Resale,1,908000,-,1249,Strata,01 to 05,727,Mar-21
528,SERENITY PARK,TAMARIND ROAD,Condominium,28,OCR,Freehold,Resale,1,1230000,-,1324,Strata,01 to 05,929,Mar-21
529,THE ESTUARY,YISHUN AVENUE 1,Condominium,27,OCR,99 yrs lease commencing from 2008,Resale,1,600000,-,592,Strata,01 to 05,1013,Mar-21
530,ORCHID PARK CONDOMINIUM,YISHUN STREET 81,Condominium,27,OCR,99 yrs lease commencing from 1991,Resale,1,860000,-,1249,Strata,01 to 05,689,Mar-21
531,HIGH PARK RESIDENCES,FERNVALE ROAD,Apartment,28,OCR,99 yrs lease commencing from 2014,Resale,1,550000,-,398,Strata,21 to 25,1381,Mar-21
532,ORCHID PARK CONDOMINIUM,YISHUN STREET 81,Condominium,27,OCR,99 yrs lease commencing from 1991,Resale,1,880000,-,1173,Strata,01 to 05,750,Mar-21
533,SUNRISE GARDENS,SUNRISE AVENUE,Condominium,28,OCR,99 yrs lease commencing from 1995,Resale,1,735000,-,915,Strata,01 to 05,803,Mar-21
534,ORCHID PARK CONDOMINIUM,YISHUN STREET 81,Condominium,27,OCR,99 yrs lease commencing from 1991,Resale,1,821800,-,1141,Strata,06 to 10,720,Mar-21
535,SKIES MILTONIA,MILTONIA CLOSE,Condominium,27,OCR,99 yrs lease commencing from 2012,Resale,1,1050000,-,1130,Strata,06 to 10,929,Mar-21
536,EIGHT COURTYARDS,CANBERRA DRIVE,Condominium,27,OCR,99 yrs lease commencing from 2010,Resale,1,1100000,-,1141,Strata,11 to 15,964,Mar-21
537,ORCHID PARK CONDOMINIUM,YISHUN STREET 81,Condominium,27,OCR,99 yrs lease commencing from 1991,Resale,1,736000,-,893,Strata,06 to 10,824,Mar-21
538,SKIES MILTONIA,MILTONIA CLOSE,Condominium,27,OCR,99 yrs lease commencing from 2012,Resale,1,770000,-,721,Strata,11 to 15,1068,Mar-21
539,THE ESTUARY,YISHUN AVENUE 1,Condominium,27,OCR,99 yrs lease commencing from 2008,Resale,1,928800,-,904,Strata,06 to 10,1027,Mar-21
540,H2O RESIDENCES,FERNVALE LINK,Condominium,28,OCR,99 yrs lease commencing from 2010,Resale,1,905000,-,850,Strata,16 to 20,1064,Mar-21
541,SELETAR SPRINGS CONDOMINIUM,GERALD DRIVE,Condominium,28,OCR,99 yrs lease commencing from 1997,Resale,1,1400000,-,1981,Strata,01 to 05,707,Mar-21
542,RIVERTREES RESIDENCES,FERNVALE CLOSE,Apartment,28,OCR,99 yrs lease commencing from 2013,Resale,1,1400000,-,1227,Strata,01 to 05,1141,Mar-21
543,RIVERBANK @ FERNVALE,FERNVALE CLOSE,Condominium,28,OCR,99 yrs lease commencing from 2013,Resale,1,1138000,-,1044,Strata,11 to 15,1090,Mar-21
544,SELETARIS,SEMBAWANG ROAD,Condominium,27,OCR,Freehold,Resale,1,958800,-,1119,Strata,01 to 05,856,Mar-21
545,SKIES MILTONIA,MILTONIA CLOSE,Condominium,27,OCR,99 yrs lease commencing from 2012,Resale,1,1098000,-,1130,Strata,01 to 05,971,Mar-21
546,SKIES MILTONIA,MILTONIA CLOSE,Condominium,27,OCR,99 yrs lease commencing from 2012,Resale,1,765000,-,710,Strata,06 to 10,1077,Mar-21
547,SYMPHONY SUITES,YISHUN CLOSE,Condominium,27,OCR,99 yrs lease commencing from 2014,Resale,1,1255000,-,1023,Strata,11 to 15,1227,Mar-21
548,SELETARIS,SEMBAWANG ROAD,Condominium,27,OCR,Freehold,Resale,1,1168000,-,1324,Strata,01 to 05,882,Mar-21
549,THE MILTONIA RESIDENCES,MILTONIA CLOSE,Condominium,27,OCR,99 yrs lease commencing from 2010,Resale,1,950000,-,990,Strata,01 to 05,959,Mar-21
550,THE SENSORIA,JALAN ULU SEMBAWANG,Condominium,27,OCR,Freehold,Resale,1,960000,-,1098,Strata,01 to 05,874,Mar-21
551,SYMPHONY SUITES,YISHUN CLOSE,Condominium,27,OCR,99 yrs lease commencing from 2014,Resale,1,790000,-,689,Strata,11 to 15,1147,Mar-21
552,THE MILTONIA RESIDENCES,MILTONIA CLOSE,Condominium,27,OCR,99 yrs lease commencing from 2010,Resale,1,565000,-,517,Strata,01 to 05,1094,Mar-21
553,SKIES MILTONIA,MILTONIA CLOSE,Condominium,27,OCR,99 yrs lease commencing from 2012,Resale,1,820000,-,743,Strata,11 to 15,1104,Mar-21
554,EIGHT COURTYARDS,CANBERRA DRIVE,Condominium,27,OCR,99 yrs lease commencing from 2010,Resale,1,810000,-,753,Strata,06 to 10,1075,Mar-21
555,H2O RESIDENCES,FERNVALE LINK,Condominium,28,OCR,99 yrs lease commencing from 2010,Resale,1,930000,-,883,Strata,21 to 25,1054,Feb-21
556,SKIES MILTONIA,MILTONIA CLOSE,Condominium,27,OCR,99 yrs lease commencing from 2012,Resale,1,780000,-,721,Strata,06 to 10,1082,Feb-21
557,ORCHID PARK CONDOMINIUM,YISHUN STREET 81,Condominium,27,OCR,99 yrs lease commencing from 1991,Resale,1,900000,-,1249,Strata,01 to 05,721,Feb-21
558,THE ESTUARY,YISHUN AVENUE 1,Condominium,27,OCR,99 yrs lease commencing from 2008,Resale,1,895000,-,926,Strata,06 to 10,967,Feb-21
559,THE NAUTICAL,JALAN SENDUDOK,Condominium,27,OCR,99 yrs lease commencing from 2011,Resale,1,560000,-,441,Strata,01 to 05,1269,Feb-21
560,H2O RESIDENCES,FERNVALE LINK,Condominium,28,OCR,99 yrs lease commencing from 2010,Resale,1,1160000,-,1076,Strata,01 to 05,1078,Feb-21
561,SUNRISE GARDENS,SUNRISE AVENUE,Condominium,28,OCR,99 yrs lease commencing from 1995,Resale,1,950000,-,1281,Strata,01 to 05,742,Feb-21
562,SELETARIS,SEMBAWANG ROAD,Condominium,27,OCR,Freehold,Resale,1,1205000,-,1324,Strata,01 to 05,910,Feb-21
563,RIVERBANK @ FERNVALE,FERNVALE CLOSE,Condominium,28,OCR,99 yrs lease commencing from 2013,Resale,1,1110000,-,1055,Strata,01 to 05,1052,Feb-21
564,RIVERBANK @ FERNVALE,FERNVALE CLOSE,Condominium,28,OCR,99 yrs lease commencing from 2013,Resale,1,1118000,-,990,Strata,11 to 15,1129,Feb-21
565,THE MILTONIA RESIDENCES,MILTONIA CLOSE,Condominium,27,OCR,99 yrs lease commencing from 2010,Resale,1,1708000,-,2077,Strata,01 to 05,822,Feb-21
566,HIGH PARK RESIDENCES,FERNVALE ROAD,Apartment,28,OCR,99 yrs lease commencing from 2014,Resale,1,739000,-,592,Strata,01 to 05,1248,Feb-21
567,MIMOSA PARK,MIMOSA ROAD,Condominium,28,OCR,Freehold,Resale,1,2455000,-,2390,Strata,06 to 10,1027,Feb-21
568,NINE RESIDENCES,YISHUN AVENUE 9,Apartment,27,OCR,99 yrs lease commencing from 2013,Resale,1,635000,-,570,Strata,06 to 10,1113,Feb-21
569,ORCHID PARK CONDOMINIUM,YISHUN STREET 81,Condominium,27,OCR,99 yrs lease commencing from 1991,Resale,1,730000,-,980,Strata,01 to 05,745,Feb-21
570,EIGHT COURTYARDS,CANBERRA DRIVE,Condominium,27,OCR,99 yrs lease commencing from 2010,Resale,1,828000,-,861,Strata,06 to 10,962,Feb-21
571,HIGH PARK RESIDENCES,FERNVALE ROAD,Apartment,28,OCR,99 yrs lease commencing from 2014,Resale,1,738000,-,592,Strata,06 to 10,1247,Feb-21
572,HIGH PARK RESIDENCES,FERNVALE ROAD,Apartment,28,OCR,99 yrs lease commencing from 2014,Resale,1,635000,-,452,Strata,16 to 20,1405,Feb-21
573,THE NAUTICAL,JALAN SENDUDOK,Condominium,27,OCR,99 yrs lease commencing from 2011,Resale,1,1580000,-,1711,Strata,01 to 05,923,Feb-21
574,ORCHID PARK CONDOMINIUM,YISHUN STREET 81,Condominium,27,OCR,99 yrs lease commencing from 1991,Resale,1,855000,-,1195,Strata,01 to 05,716,Feb-21
575,HIGH PARK RESIDENCES,FERNVALE ROAD,Apartment,28,OCR,99 yrs lease commencing from 2014,Resale,1,622500,-,463,Strata,16 to 20,1345,Feb-21
576,SERENITY PARK,TAMARIND ROAD,Condominium,28,OCR,Freehold,Resale,1,1328000,-,1324,Strata,01 to 05,1003,Feb-21
577,H2O RESIDENCES,FERNVALE LINK,Condominium,28,OCR,99 yrs lease commencing from 2010,Resale,1,1268000,-,1130,Strata,16 to 20,1122,Feb-21
578,THE GREENWICH,SELETAR ROAD,Condominium,28,OCR,99 yrs lease commencing from 2009,Resale,1,1220000,-,1109,Strata,01 to 05,1100,Feb-21
579,RIVERBANK @ FERNVALE,FERNVALE CLOSE,Condominium,28,OCR,99 yrs lease commencing from 2013,Resale,1,1440000,-,1238,Strata,16 to 20,1163,Feb-21
580,HIGH PARK RESIDENCES,FERNVALE ROAD,Apartment,28,OCR,99 yrs lease commencing from 2014,Resale,1,1538000,-,1281,Strata,21 to 25,1201,Feb-21
581,EUPHONY GARDENS,JALAN MATA AYER,Condominium,27,OCR,99 yrs lease commencing from 1998,Resale,1,840000,-,1195,Strata,01 to 05,703,Feb-21
582,YISHUN EMERALD,CANBERRA DRIVE,Condominium,27,OCR,99 yrs lease commencing from 1998,Resale,1,1030000,-,1410,Strata,01 to 05,730,Feb-21
583,THE MILTONIA RESIDENCES,MILTONIA CLOSE,Condominium,27,OCR,99 yrs lease commencing from 2010,Resale,1,780000,-,861,Strata,01 to 05,906,Feb-21
584,THE NAUTICAL,JALAN SENDUDOK,Condominium,27,OCR,99 yrs lease commencing from 2011,Resale,1,551000,-,441,Strata,01 to 05,1249,Feb-21
585,THE NAUTICAL,JALAN SENDUDOK,Condominium,27,OCR,99 yrs lease commencing from 2011,Resale,1,1230000,-,1346,Strata,01 to 05,914,Feb-21
586,HIGH PARK RESIDENCES,FERNVALE ROAD,Apartment,28,OCR,99 yrs lease commencing from 2014,Resale,1,615000,-,463,Strata,11 to 15,1329,Feb-21
587,HIGH PARK RESIDENCES,FERNVALE ROAD,Apartment,28,OCR,99 yrs lease commencing from 2014,Resale,1,1499999,-,1227,Strata,11 to 15,1222,Feb-21
588,CANBERRA RESIDENCES,CANBERRA DRIVE,Condominium,27,OCR,99 yrs lease commencing from 2010,Resale,1,590000,-,614,Strata,01 to 05,962,Feb-21
589,THE GREENWICH,SELETAR ROAD,Condominium,28,OCR,99 yrs lease commencing from 2009,Resale,1,900000,-,883,Strata,01 to 05,1020,Feb-21
590,THE ESTUARY,YISHUN AVENUE 1,Condominium,27,OCR,99 yrs lease commencing from 2008,Resale,1,1260000,-,1313,Strata,06 to 10,959,Feb-21
591,SERENITY PARK,TAMARIND ROAD,Condominium,28,OCR,Freehold,Resale,1,1550000,-,1604,Strata,01 to 05,966,Feb-21
592,SKIES MILTONIA,MILTONIA CLOSE,Condominium,27,OCR,99 yrs lease commencing from 2012,Resale,1,720000,-,743,Strata,01 to 05,969,Feb-21
593,H2O RESIDENCES,FERNVALE LINK,Condominium,28,OCR,99 yrs lease commencing from 2010,Resale,1,1190000,-,1130,Strata,11 to 15,1053,Feb-21
594,SELETAR SPRINGS CONDOMINIUM,GERALD DRIVE,Condominium,28,OCR,99 yrs lease commencing from 1997,Resale,1,1690000,-,2077,Strata,01 to 05,813,Feb-21
595,THE ESTUARY,YISHUN AVENUE 1,Condominium,27,OCR,99 yrs lease commencing from 2008,Resale,1,880000,-,926,Strata,06 to 10,951,Feb-21
596,SELETAR PARK RESIDENCE,SELETAR ROAD,Condominium,28,OCR,99 yrs lease commencing from 2011,Resale,1,722000,-,581,Strata,01 to 05,1242,Feb-21
597,EIGHT COURTYARDS,CANBERRA DRIVE,Condominium,27,OCR,99 yrs lease commencing from 2010,Resale,1,840000,-,861,Strata,06 to 10,975,Jan-21
598,SUNRISE GARDENS,SUNRISE AVENUE,Condominium,28,OCR,99 yrs lease commencing from 1995,Resale,1,1020000,-,1389,Strata,01 to 05,735,Jan-21
599,SKIES MILTONIA,MILTONIA CLOSE,Condominium,27,OCR,99 yrs lease commencing from 2012,Resale,1,750000,-,721,Strata,11 to 15,1040,Jan-21
600,THE MILTONIA RESIDENCES,MILTONIA CLOSE,Condominium,27,OCR,99 yrs lease commencing from 2010,Resale,1,870000,-,861,Strata,01 to 05,1010,Jan-21
601,RIVERTREES RESIDENCES,FERNVALE CLOSE,Apartment,28,OCR,99 yrs lease commencing from 2013,Resale,1,1380000,-,1119,Strata,11 to 15,1233,Jan-21
602,RIVERBANK @ FERNVALE,FERNVALE CLOSE,Condominium,28,OCR,99 yrs lease commencing from 2013,Resale,1,1140000,-,1044,Strata,16 to 20,1092,Jan-21
603,HIGH PARK RESIDENCES,FERNVALE ROAD,Apartment,28,OCR,99 yrs lease commencing from 2014,Resale,1,548000,-,388,Strata,16 to 20,1414,Jan-21
604,ORCHID PARK CONDOMINIUM,YISHUN STREET 81,Condominium,27,OCR,99 yrs lease commencing from 1991,Resale,1,640000,-,893,Strata,06 to 10,716,Jan-21
605,HIGH PARK RESIDENCES,FERNVALE ROAD,Apartment,28,OCR,99 yrs lease commencing from 2014,Resale,1,723000,-,581,Strata,01 to 05,1244,Jan-21
606,THE GREENWICH,SELETAR ROAD,Condominium,28,OCR,99 yrs lease commencing from 2009,Resale,1,866244,-,883,Strata,01 to 05,981,Jan-21
607,YISHUN EMERALD,CANBERRA DRIVE,Condominium,27,OCR,99 yrs lease commencing from 1998,Resale,1,850000,-,1152,Strata,11 to 15,738,Jan-21
608,EUPHONY GARDENS,JALAN MATA AYER,Condominium,27,OCR,99 yrs lease commencing from 1998,Resale,1,1000000,-,1453,Strata,01 to 05,688,Jan-21
609,HIGH PARK RESIDENCES,FERNVALE ROAD,Apartment,28,OCR,99 yrs lease commencing from 2014,Resale,1,778000,-,743,Strata,21 to 25,1048,Jan-21
610,CANBERRA RESIDENCES,CANBERRA DRIVE,Condominium,27,OCR,99 yrs lease commencing from 2010,Resale,1,1292500,-,1528,Strata,01 to 05,846,Jan-21
611,THE GREENWICH,SELETAR ROAD,Condominium,28,OCR,99 yrs lease commencing from 2009,Resale,1,880000,-,883,Strata,01 to 05,997,Jan-21
612,YISHUN SAPPHIRE,CANBERRA DRIVE,Condominium,27,OCR,99 yrs lease commencing from 1998,Resale,1,880000,-,1206,Strata,06 to 10,730,Jan-21
613,NIM GARDENS,NIM ROAD,Condominium,28,OCR,Freehold,Resale,1,1700000,-,1830,Strata,06 to 10,929,Jan-21
614,EUPHONY GARDENS,JALAN MATA AYER,Condominium,27,OCR,99 yrs lease commencing from 1998,Resale,1,840000,-,1216,Strata,01 to 05,691,Jan-21
615,EIGHT COURTYARDS,CANBERRA DRIVE,Condominium,27,OCR,99 yrs lease commencing from 2010,Resale,1,1530000,-,1572,Strata,11 to 15,974,Jan-21
616,H2O RESIDENCES,FERNVALE LINK,Condominium,28,OCR,99 yrs lease commencing from 2010,Resale,1,1270000,-,1195,Strata,01 to 05,1063,Jan-21
617,EIGHT COURTYARDS,CANBERRA DRIVE,Condominium,27,OCR,99 yrs lease commencing from 2010,Resale,1,560000,-,452,Strata,06 to 10,1239,Jan-21
618,HIGH PARK RESIDENCES,FERNVALE ROAD,Apartment,28,OCR,99 yrs lease commencing from 2014,Resale,1,582000,-,452,Strata,01 to 05,1287,Jan-21
619,SELETARIS,SEMBAWANG ROAD,Condominium,27,OCR,Freehold,Resale,1,1120000,-,1324,Strata,01 to 05,846,Jan-21
620,YISHUN SAPPHIRE,CANBERRA DRIVE,Condominium,27,OCR,99 yrs lease commencing from 1998,Resale,1,940000,-,1195,Strata,11 to 15,787,Jan-21
621,HIGH PARK RESIDENCES,FERNVALE ROAD,Apartment,28,OCR,99 yrs lease commencing from 2014,Resale,1,735000,-,570,Strata,06 to 10,1288,Jan-21
622,SUNRISE GARDENS,SUNRISE AVENUE,Condominium,28,OCR,99 yrs lease commencing from 1995,Resale,1,1088000,-,1464,Strata,01 to 05,743,Jan-21
623,THE MILTONIA RESIDENCES,MILTONIA CLOSE,Condominium,27,OCR,99 yrs lease commencing from 2010,Resale,1,930000,-,990,Strata,01 to 05,939,Jan-21
624,THE GREENWICH,SELETAR ROAD,Condominium,28,OCR,99 yrs lease commencing from 2009,Resale,1,860000,-,904,Strata,01 to 05,951,Jan-21
625,SUNRISE GARDENS,SUNRISE AVENUE,Condominium,28,OCR,99 yrs lease commencing from 1995,Resale,1,1550000,-,2077,Strata,01 to 05,746,Jan-21
626,RIVERTREES RESIDENCES,FERNVALE CLOSE,Apartment,28,OCR,99 yrs lease commencing from 2013,Resale,1,1600000,-,1356,Strata,11 to 15,1180,Jan-21
627,EIGHT COURTYARDS,CANBERRA DRIVE,Condominium,27,OCR,99 yrs lease commencing from 2010,Resale,1,820000,-,861,Strata,06 to 10,952,Jan-21
628,HIGH PARK RESIDENCES,FERNVALE ROAD,Apartment,28,OCR,99 yrs lease commencing from 2014,Resale,1,800000,-,678,Strata,01 to 05,1180,Jan-21
629,YISHUN EMERALD,CANBERRA DRIVE,Condominium,27,OCR,99 yrs lease commencing from 1998,Resale,1,780888,-,990,Strata,11 to 15,789,Jan-21
630,HIGH PARK RESIDENCES,FERNVALE ROAD,Apartment,28,OCR,99 yrs lease commencing from 2014,Resale,1,1043000,-,980,Strata,01 to 05,1065,Jan-21
631,HIGH PARK RESIDENCES,FERNVALE ROAD,Apartment,28,OCR,99 yrs lease commencing from 2014,Resale,1,1050000,-,850,Strata,21 to 25,1235,Jan-21
632,THE MILTONIA RESIDENCES,MILTONIA CLOSE,Condominium,27,OCR,99 yrs lease commencing from 2010,Resale,1,828000,-,861,Strata,01 to 05,962,Jan-21
633,CANBERRA RESIDENCES,CANBERRA DRIVE,Condominium,27,OCR,99 yrs lease commencing from 2010,Resale,1,1030000,-,1206,Strata,01 to 05,854,Jan-21
634,NIM GARDENS,NIM ROAD,Condominium,28,OCR,Freehold,Resale,1,1660000,-,1830,Strata,06 to 10,907,Jan-21
635,SELETAR PARK RESIDENCE,SELETAR ROAD,Condominium,28,OCR,99 yrs lease commencing from 2011,Resale,1,1048000,-,872,Strata,01 to 05,1202,Jan-21
636,SKIES MILTONIA,MILTONIA CLOSE,Condominium,27,OCR,99 yrs lease commencing from 2012,Resale,1,740800,-,721,Strata,01 to 05,1027,Jan-21
637,SELETAR SPRINGS CONDOMINIUM,GERALD DRIVE,Condominium,28,OCR,99 yrs lease commencing from 1997,Resale,1,1580000,-,2067,Strata,01 to 05,765,Dec-20
638,SERENITY PARK,TAMARIND ROAD,Condominium,28,OCR,Freehold,Resale,1,1600000,-,1593,Strata,01 to 05,1004,Dec-20
639,SELETARIS,SEMBAWANG ROAD,Condominium,27,OCR,Freehold,Resale,1,1200000,-,1378,Strata,01 to 05,871,Dec-20
640,SUNRISE GARDENS,SUNRISE AVENUE,Condominium,28,OCR,99 yrs lease commencing from 1995,Resale,1,740888,-,926,Strata,01 to 05,800,Dec-20
641,GRANDE VISTA,CACTUS DRIVE,Condominium,28,OCR,999 yrs lease commencing from 1886,Resale,1,1420000,-,1367,Strata,01 to 05,1039,Dec-20
642,SKIES MILTONIA,MILTONIA CLOSE,Condominium,27,OCR,99 yrs lease commencing from 2012,Resale,1,1180000,-,1130,Strata,11 to 15,1044,Dec-20
643,SELETAR SPRINGS CONDOMINIUM,GERALD DRIVE,Condominium,28,OCR,99 yrs lease commencing from 1997,Resale,1,1172000,-,1496,Strata,01 to 05,783,Dec-20
644,SELETAR SPRINGS CONDOMINIUM,GERALD DRIVE,Condominium,28,OCR,99 yrs lease commencing from 1997,Resale,1,980000,-,1302,Strata,01 to 05,752,Dec-20
645,THE ESTUARY,YISHUN AVENUE 1,Condominium,27,OCR,99 yrs lease commencing from 2008,Resale,1,590000,-,592,Strata,01 to 05,997,Dec-20
646,THE NAUTICAL,JALAN SENDUDOK,Condominium,27,OCR,99 yrs lease commencing from 2011,Resale,1,988888,-,1119,Strata,01 to 05,883,Dec-20
647,HIGH PARK RESIDENCES,FERNVALE ROAD,Apartment,28,OCR,99 yrs lease commencing from 2014,Resale,1,958000,-,872,Strata,01 to 05,1099,Dec-20
648,SKIES MILTONIA,MILTONIA CLOSE,Condominium,27,OCR,99 yrs lease commencing from 2012,Resale,1,1120000,-,1076,Strata,11 to 15,1041,Dec-20
649,HIGH PARK RESIDENCES,FERNVALE ROAD,Apartment,28,OCR,99 yrs lease commencing from 2014,Resale,1,762000,-,581,Strata,11 to 15,1311,Dec-20
650,YISHUN EMERALD,CANBERRA DRIVE,Condominium,27,OCR,99 yrs lease commencing from 1998,Resale,1,920000,-,1152,Strata,11 to 15,799,Dec-20
651,SYMPHONY SUITES,YISHUN CLOSE,Condominium,27,OCR,99 yrs lease commencing from 2014,Resale,1,731000,-,689,Strata,01 to 05,1061,Dec-20
652,RIVERBANK @ FERNVALE,FERNVALE CLOSE,Condominium,28,OCR,99 yrs lease commencing from 2013,Resale,1,1268888,-,1044,Strata,16 to 20,1215,Dec-20
653,SELETAR SPRINGS CONDOMINIUM,GERALD DRIVE,Condominium,28,OCR,99 yrs lease commencing from 1997,Resale,1,1420000,-,2077,Strata,01 to 05,684,Dec-20
654,NORTHWOOD,JALAN MATA AYER,Condominium,27,OCR,Freehold,Resale,1,1638888,-,1991,Strata,01 to 05,823,Dec-20
655,YISHUN EMERALD,CANBERRA DRIVE,Condominium,27,OCR,99 yrs lease commencing from 1998,Resale,1,835000,-,1206,Strata,06 to 10,693,Dec-20
656,SELETAR PARK RESIDENCE,SELETAR ROAD,Condominium,28,OCR,99 yrs lease commencing from 2011,Resale,1,1215000,-,1507,Strata,01 to 05,806,Dec-20
657,THE ESTUARY,YISHUN AVENUE 1,Condominium,27,OCR,99 yrs lease commencing from 2008,Resale,1,645000,-,592,Strata,11 to 15,1089,Dec-20
658,EUPHONY GARDENS,JALAN MATA AYER,Condominium,27,OCR,99 yrs lease commencing from 1998,Resale,1,1100000,-,2196,Strata,01 to 05,501,Dec-20
659,RIVERBANK @ FERNVALE,FERNVALE CLOSE,Condominium,28,OCR,99 yrs lease commencing from 2013,Resale,1,1430000,-,1238,Strata,06 to 10,1155,Dec-20
660,YISHUN SAPPHIRE,CANBERRA DRIVE,Condominium,27,OCR,99 yrs lease commencing from 1998,Resale,1,728000,-,958,Strata,11 to 15,760,Dec-20
661,SELETARIS,SEMBAWANG ROAD,Condominium,27,OCR,Freehold,Resale,1,1720000,-,1981,Strata,01 to 05,868,Dec-20
662,SUNRISE GARDENS,SUNRISE AVENUE,Condominium,28,OCR,99 yrs lease commencing from 1995,Resale,1,1450000,-,2034,Strata,01 to 05,713,Dec-20
663,RIVERTREES RESIDENCES,FERNVALE CLOSE,Apartment,28,OCR,99 yrs lease commencing from 2013,Resale,1,748000,-,581,Strata,11 to 15,1287,Dec-20
664,THE SENSORIA,JALAN ULU SEMBAWANG,Condominium,27,OCR,Freehold,Resale,1,1758000,-,2282,Strata,01 to 05,770,Dec-20
665,ORCHID PARK CONDOMINIUM,YISHUN STREET 81,Condominium,27,OCR,99 yrs lease commencing from 1991,Resale,1,848000,-,1141,Strata,06 to 10,743,Dec-20
666,YISHUN EMERALD,CANBERRA DRIVE,Condominium,27,OCR,99 yrs lease commencing from 1998,Resale,1,1038000,-,1378,Strata,06 to 10,753,Dec-20
667,YISHUN SAPPHIRE,CANBERRA DRIVE,Condominium,27,OCR,99 yrs lease commencing from 1998,Resale,1,910000,-,1216,Strata,06 to 10,748,Dec-20
668,HIGH PARK RESIDENCES,FERNVALE ROAD,Apartment,28,OCR,99 yrs lease commencing from 2014,Resale,1,980000,-,947,Strata,21 to 25,1035,Dec-20
669,HIGH PARK RESIDENCES,FERNVALE ROAD,Apartment,28,OCR,99 yrs lease commencing from 2014,Resale,1,1220000,-,980,Strata,06 to 10,1246,Dec-20
670,CANBERRA RESIDENCES,CANBERRA DRIVE,Condominium,27,OCR,99 yrs lease commencing from 2010,Resale,1,1540000,-,1938,Strata,01 to 05,795,Dec-20
671,YISHUN SAPPHIRE,CANBERRA DRIVE,Condominium,27,OCR,99 yrs lease commencing from 1998,Resale,1,1070000,-,1378,Strata,11 to 15,777,Dec-20
672,H2O RESIDENCES,FERNVALE LINK,Condominium,28,OCR,99 yrs lease commencing from 2010,Resale,1,1150000,-,1130,Strata,01 to 05,1018,Dec-20
673,THE NAUTICAL,JALAN SENDUDOK,Condominium,27,OCR,99 yrs lease commencing from 2011,Resale,1,552000,-,441,Strata,01 to 05,1251,Dec-20
674,YISHUN EMERALD,CANBERRA DRIVE,Condominium,27,OCR,99 yrs lease commencing from 1998,Resale,1,755000,-,958,Strata,11 to 15,788,Dec-20
675,YISHUN EMERALD,CANBERRA DRIVE,Condominium,27,OCR,99 yrs lease commencing from 1998,Resale,1,945000,-,1378,Strata,11 to 15,686,Dec-20
676,SELETARIS,SEMBAWANG ROAD,Condominium,27,OCR,Freehold,Resale,1,965000,-,1163,Strata,01 to 05,830,Dec-20
677,HIGH PARK RESIDENCES,FERNVALE ROAD,Apartment,28,OCR,99 yrs lease commencing from 2014,Resale,1,839000,-,667,Strata,11 to 15,1257,Dec-20
678,SELETAR SPRINGS CONDOMINIUM,GERALD DRIVE,Condominium,28,OCR,99 yrs lease commencing from 1997,Resale,1,1260000,-,1582,Strata,01 to 05,796,Dec-20
679,RIVERBANK @ FERNVALE,FERNVALE CLOSE,Condominium,28,OCR,99 yrs lease commencing from 2013,Resale,1,648000,-,538,Strata,01 to 05,1204,Dec-20
680,EIGHT COURTYARDS,CANBERRA DRIVE,Condominium,27,OCR,99 yrs lease commencing from 2010,Resale,1,1200000,-,1152,Strata,11 to 15,1042,Dec-20
681,THE MILTONIA RESIDENCES,MILTONIA CLOSE,Condominium,27,OCR,99 yrs lease commencing from 2010,Resale,1,1030000,-,1173,Strata,01 to 05,878,Dec-20
682,H2O RESIDENCES,FERNVALE LINK,Condominium,28,OCR,99 yrs lease commencing from 2010,Resale,1,850000,-,883,Strata,01 to 05,963,Dec-20
683,THE ESTUARY,YISHUN AVENUE 1,Condominium,27,OCR,99 yrs lease commencing from 2008,Resale,1,1580000,-,1528,Strata,11 to 15,1034,Dec-20
684,HIGH PARK RESIDENCES,FERNVALE ROAD,Apartment,28,OCR,99 yrs lease commencing from 2014,Resale,1,875000,-,710,Strata,16 to 20,1232,Dec-20
685,THE GREENWICH,SELETAR ROAD,Condominium,28,OCR,99 yrs lease commencing from 2009,Resale,1,870000,-,904,Strata,01 to 05,962,Dec-20
686,GRANDE VISTA,CACTUS DRIVE,Condominium,28,OCR,999 yrs lease commencing from 1886,Resale,1,1795000,-,1636,Strata,06 to 10,1097,Dec-20
687,H2O RESIDENCES,FERNVALE LINK,Condominium,28,OCR,99 yrs lease commencing from 2010,Resale,1,1518000,-,1378,Strata,01 to 05,1102,Dec-20
688,EIGHT COURTYARDS,CANBERRA DRIVE,Condominium,27,OCR,99 yrs lease commencing from 2010,Resale,1,530000,-,549,Strata,01 to 05,965,Dec-20
689,ORCHID PARK CONDOMINIUM,YISHUN STREET 81,Condominium,27,OCR,99 yrs lease commencing from 1991,Resale,1,1165000,-,1572,Strata,11 to 15,741,Dec-20
690,THE MILTONIA RESIDENCES,MILTONIA CLOSE,Condominium,27,OCR,99 yrs lease commencing from 2010,Resale,1,950000,-,1023,Strata,01 to 05,929,Dec-20
691,THE NAUTICAL,JALAN SENDUDOK,Condominium,27,OCR,99 yrs lease commencing from 2011,Resale,1,1080000,-,1119,Strata,01 to 05,965,Dec-20
692,ORCHID PARK CONDOMINIUM,YISHUN STREET 81,Condominium,27,OCR,99 yrs lease commencing from 1991,Resale,1,1350000,-,1733,Strata,11 to 15,779,Dec-20
,,,,,,,,,,,,,,,
692 record(s) retrieved based on user-specific search criteria,,,,,,,,,,,,,,,
,,,,,,,,,,,,,,,
Search By Period (DEC 2020 to DEC 2021) & Property Type (Apartments and Condominiums) & Postal Districts: 27, 28 & Type of Sale: Resale ,,,,,,,,,,,,,,
,,,,,,,,,,,,,,,
Notes:,,,,,,,,,,,,,,,
1,"For conventional landed housing, the area pertaining to the transacted property refers to land area.",,,,,,,,,,,,,,
,"For strata sub-divided housing such as apartments, condominiums and strata landed housing (ie. cluster housing/townhouses), the area pertaining to the transacted property refers to strata area.",,,,,,,,,,,,,,
,"To convert Sqft to Sqm, divide by a factor 10.764.",,,,,,,,,,,,,,
2,The column indicates whether the area pertaining to the transacted property and hence used in the computation of the unit transacted price (in $ psf) refers to land area or strata area.,,,,,,,,,,,,,,
,"For conventional landed housing, the type of area is listed as ''Land'' as the land area is provided in the caveat lodged and hence used for the computation of the  unit  transacted price (in $psf).",,,,,,,,,,,,,,
,"For strata sub-divided housing such as apartments, condominiums and strata landed housing (ie. cluster housing/townhouses), the type of area is listed as ''Strata'' as the strata area is provided in the caveat lodged and hence used for the computation of the unit transacted price (in $psf).",,,,,,,,,,,,,,
3,"For conventional landed housing, the unit transacted price (in $ psf) is computed based on land area.",,,,,,,,,,,,,,
,"For strata sub-divided housing such as apartments, condominiums and strata landed housing (ie. cluster housing/townhouses), the unit transacted price (in $ psf) is computed based on strata area.",,,,,,,,,,,,,,
,"To convert $ psf to $ psm, multiply by a factor 10.764.",,,,,,,,,,,,,,
4,"New sale transactions starting from 25 May 2015 onwards are based on options issued by developers. Hence, ''Date of Sale' refers to ''Date of Option Issued''.",,,,,,,,,,,,,,
,"For resale and subsale transactions and new sale transactions prior to 25 May 2015, ''Date of Sale'' refers to ''Date of Option Exercised/Sales Agreement Signed'' as indicated in the caveats lodged. .",,,,,,,,,,,,,,
